Customer ID,Total Sales,Total Profit,Avg Discount,Total Quantity,Num Orders,First Purchase,Last Purchase,Customer Age (Days),Recency (Days),Churn,Cluster,Cluster Label
AA-10315,5563.56,-362.8825,0.0909090909090909,30,5,2014-03-31,2017-06-29,1186,184,1,0,Core Loyal Customers
AA-10375,1056.39,277.3824,0.08,41,9,2014-04-21,2017-12-11,1330,19,0,3,Active Growing Customers
AA-10480,1790.5120000000002,435.8274,0.0166666666666666,36,4,2014-05-04,2017-04-15,1077,259,1,0,Core Loyal Customers
AA-10645,5086.935,857.8033,0.0638888888888888,64,6,2014-06-22,2017-11-05,1232,55,0,3,Active Growing Customers
AB-10015,886.156,129.3465,0.0666666666666666,13,3,2014-02-18,2016-11-10,996,415,1,1,Lost or At-Risk Customers
AB-10060,7755.62,2054.5885,0.0444444444444444,56,8,2015-09-18,2017-11-06,780,54,0,2,High-Value Customers (VIPs)
AB-10105,14473.570999999998,5444.8055,0.24,73,10,2014-12-20,2017-11-19,1065,41,0,2,High-Value Customers (VIPs)
AB-10150,966.71,313.6597,0.1333333333333333,37,5,2014-03-05,2017-11-19,1355,41,0,0,Core Loyal Customers
AB-10165,1113.838,220.813,0.1357142857142857,48,8,2014-11-16,2017-12-05,1115,25,0,3,Active Growing Customers
AB-10255,914.532,264.5675,0.1,39,9,2014-07-22,2017-07-17,1091,166,0,0,Core Loyal Customers
AB-10600,1515.862,-274.9604,0.375,38,4,2014-11-18,2017-11-10,1088,50,0,0,Core Loyal Customers
AC-10420,925.8,-62.1342,0.32,17,3,2014-07-12,2017-05-12,1035,232,1,0,Core Loyal Customers
AC-10450,5527.846,1366.0098,0.1888888888888888,43,7,2014-10-31,2017-12-19,1145,11,0,3,Active Growing Customers
AC-10615,2537.686,298.8273,0.1111111111111111,59,5,2015-09-15,2017-12-24,831,6,0,0,Core Loyal Customers
AC-10660,657.316,-28.700399999999995,0.1833333333333333,16,5,2014-10-15,2017-03-23,890,282,1,0,Core Loyal Customers
AD-10180,6106.88,1869.9294,0.0583333333333333,40,8,2014-11-19,2017-12-01,1108,29,0,2,High-Value Customers (VIPs)
AF-10870,2052.908,317.9712,0.2,51,7,2015-12-06,2017-11-19,714,41,0,0,Core Loyal Customers
AF-10885,861.565,-163.1175,0.2571428571428572,37,4,2014-05-10,2016-11-10,915,415,1,1,Lost or At-Risk Customers
AG-10270,2582.898,732.7399,0.0142857142857142,58,5,2014-05-13,2017-03-27,1049,278,1,0,Core Loyal Customers
AG-10300,367.548,59.2884,0.08,16,4,2014-04-26,2017-09-03,1226,118,0,0,Core Loyal Customers
AG-10330,660.972,-5.137100000000006,0.2333333333333333,47,5,2016-08-03,2017-12-22,506,8,0,0,Core Loyal Customers
AG-10390,200.945,69.2784,0.2249999999999999,33,5,2014-04-19,2017-09-07,1237,114,0,0,Core Loyal Customers
AG-10495,2356.855,295.6668,0.2047619047619047,93,8,2015-01-04,2017-10-13,1013,78,0,3,Active Growing Customers
AG-10525,1455.038,-152.7613,0.1555555555555555,33,4,2014-08-09,2015-09-07,394,845,1,1,Lost or At-Risk Customers
AG-10675,3489.0396000000005,-246.42570000000003,0.1613333333333333,54,7,2015-05-07,2017-09-24,871,97,0,0,Core Loyal Customers
AG-10765,170.584,-8.431000000000001,0.4599999999999999,20,4,2014-09-17,2017-10-14,1123,77,0,0,Core Loyal Customers
AG-10900,4510.797,343.6824,0.1666666666666666,92,10,2014-07-23,2017-09-25,1160,96,0,3,Active Growing Customers
AH-10030,1744.7,365.2152,0.0909090909090909,54,7,2014-04-22,2017-12-18,1336,12,0,3,Active Growing Customers
AH-10075,3250.337,281.189,0.135,75,10,2014-11-16,2017-11-26,1106,34,0,3,Active Growing Customers
AH-10120,1735.514,-2.3145999999999773,0.2375,65,7,2014-07-18,2017-10-31,1201,60,0,3,Active Growing Customers
AH-10195,1587.452,-378.5509,0.35,28,4,2015-03-05,2017-11-05,976,55,0,0,Core Loyal Customers
AH-10210,4805.344,1308.5546,0.0923076923076923,53,9,2014-11-29,2017-12-24,1121,6,0,3,Active Growing Customers
AH-10465,2495.3916,-196.1201,0.14,35,5,2015-01-03,2017-05-14,862,230,1,0,Core Loyal Customers
AH-10585,738.504,83.96300000000001,0.12,17,4,2014-10-26,2017-12-09,1140,21,0,0,Core Loyal Customers
AH-10690,7888.294,1298.0166,0.217391304347826,102,12,2014-04-02,2016-11-15,958,410,1,2,High-Value Customers (VIPs)
AI-10855,4375.786,867.7271000000001,0.0722222222222222,72,10,2014-04-28,2017-12-17,1329,13,0,3,Active Growing Customers
AJ-10780,4867.344,150.71300000000005,0.0866666666666666,62,7,2014-01-10,2017-10-16,1375,75,0,3,Active Growing Customers
AJ-10795,4501.391,1158.7064,0.0833333333333333,88,7,2014-05-14,2017-07-17,1160,166,0,3,Active Growing Customers
AJ-10945,1839.24,521.1351999999999,0.04,40,7,2014-03-03,2017-10-06,1313,85,0,0,Core Loyal Customers
AJ-10960,629.2479999999999,60.4265,0.04,22,3,2014-09-14,2017-10-17,1129,74,0,0,Core Loyal Customers
AM-10360,814.012,194.9878,0.125,48,5,2014-10-06,2017-12-02,1153,28,0,0,Core Loyal Customers
AM-10705,5664.022,1085.7326,0.0636363636363636,81,8,2014-10-31,2017-07-21,994,162,0,3,Active Growing Customers
AO-10810,161.28,12.096,0.2,2,1,2016-08-16,2016-08-16,0,501,1,1,Lost or At-Risk Customers
AP-10720,1638.554,285.7888,0.1631578947368421,85,8,2014-03-03,2017-11-19,1357,41,0,3,Active Growing Customers
AP-10915,3323.556,579.3113,0.0935483870967742,102,10,2014-08-23,2017-09-23,1127,98,0,3,Active Growing Customers
AR-10345,1055.694,-221.0544,0.26,18,4,2014-12-30,2017-09-10,985,111,0,0,Core Loyal Customers
AR-10405,2236.128,-98.7646,0.0999999999999999,29,5,2014-10-03,2017-08-27,1059,125,0,0,Core Loyal Customers
AR-10510,264.86400000000003,43.6695,0.2142857142857142,33,5,2014-05-02,2017-12-16,1324,14,0,0,Core Loyal Customers
AR-10540,6608.448,2884.6208,0.0666666666666666,33,6,2014-11-25,2017-12-24,1125,6,0,2,High-Value Customers (VIPs)
AR-10570,88.15,32.633,0.0,6,1,2016-07-14,2016-07-14,0,534,1,1,Lost or At-Risk Customers
AR-10825,4523.336,494.83519999999993,0.0769230769230769,54,8,2014-06-30,2017-11-02,1221,58,0,3,Active Growing Customers
AS-10045,3050.692,-253.5746,0.355,48,7,2014-07-27,2017-10-03,1164,88,0,0,Core Loyal Customers
AS-10090,3255.31,64.53739999999998,0.18,81,9,2014-09-22,2017-12-02,1167,28,0,3,Active Growing Customers
AS-10135,58.82,21.8496,0.0666666666666666,9,2,2016-11-13,2017-11-19,371,41,0,1,Lost or At-Risk Customers
AS-10225,4260.784,719.7751000000001,0.0615384615384615,41,5,2014-10-18,2017-12-08,1147,22,0,0,Core Loyal Customers
AS-10240,584.6080000000001,33.715799999999994,0.2692307692307692,39,7,2014-03-15,2017-06-21,1194,192,1,0,Core Loyal Customers
AS-10285,3214.236,354.62760000000003,0.225,39,6,2016-05-21,2017-12-11,569,19,0,0,Core Loyal Customers
AS-10630,833.398,136.49190000000002,0.1833333333333333,34,7,2014-08-01,2017-09-29,1155,92,0,0,Core Loyal Customers
AT-10435,1171.814,100.87680000000002,0.1999999999999999,28,6,2014-11-24,2017-12-09,1111,21,0,0,Core Loyal Customers
AT-10735,3831.864,974.107,0.0875,60,10,2014-08-30,2017-12-17,1205,13,0,3,Active Growing Customers
AW-10840,649.376,65.77250000000001,0.2,24,4,2015-04-13,2017-12-10,972,20,0,0,Core Loyal Customers
AW-10930,2852.968,-104.5486,0.30625,68,7,2014-07-14,2017-11-14,1219,46,0,3,Active Growing Customers
AY-10555,497.014,103.3499,0.1,34,4,2014-04-06,2017-12-16,1350,14,0,0,Core Loyal Customers
AZ-10750,1622.0179999999998,154.9503,0.125,40,6,2014-03-17,2017-07-23,1224,160,0,0,Core Loyal Customers
BB-10990,744.3399999999999,11.583900000000009,0.2,26,5,2014-07-27,2017-09-16,1147,105,0,0,Core Loyal Customers
BB-11545,6765.728,1015.075,0.195,83,9,2015-06-05,2017-12-02,911,28,0,3,Active Growing Customers
BC-11125,2933.676,251.5974,0.1111111111111111,60,9,2014-07-06,2017-06-11,1071,202,1,3,Active Growing Customers
BD-11320,5718.521,1094.5037,0.0789473684210526,75,12,2015-05-31,2017-11-27,911,33,0,3,Active Growing Customers
BD-11500,4411.243,1142.1225,0.135,49,6,2014-02-01,2017-11-25,1393,35,0,3,Active Growing Customers
BD-11560,320.54,116.714,0.0,11,2,2015-05-30,2017-03-27,667,278,1,1,Lost or At-Risk Customers
BD-11605,3288.471,634.8463,0.0725,74,7,2014-01-13,2017-09-24,1350,97,0,3,Active Growing Customers
BD-11620,1538.11,206.7569,0.175,27,6,2014-06-30,2017-10-22,1210,69,0,0,Core Loyal Customers
BD-11635,582.646,141.53400000000002,0.1,19,3,2014-10-05,2017-12-21,1173,9,0,0,Core Loyal Customers
BD-11725,1526.5,333.9791,0.02,29,6,2015-07-03,2017-09-28,818,93,0,0,Core Loyal Customers
BD-11770,658.466,141.265,0.12,21,6,2016-03-10,2017-02-06,333,327,1,1,Lost or At-Risk Customers
BE-11335,4204.676,1487.7739,0.0222222222222222,35,5,2016-01-15,2017-09-02,596,119,0,0,Core Loyal Customers
BE-11410,2261.438,755.9150999999999,0.16,19,5,2016-02-07,2017-09-23,594,98,0,0,Core Loyal Customers
BE-11455,1727.652,139.20080000000002,0.1461538461538461,40,6,2015-08-02,2017-04-20,627,254,1,0,Core Loyal Customers
BF-10975,599.798,227.4384,0.1461538461538461,38,7,2014-07-14,2017-09-30,1174,91,0,0,Core Loyal Customers
BF-11005,1333.88,-291.38109999999995,0.18,26,4,2014-09-25,2017-11-21,1153,39,0,0,Core Loyal Customers
BF-11020,2888.506,302.02,0.2571428571428572,78,8,2014-02-15,2017-10-17,1340,74,0,3,Active Growing Customers
BF-11080,272.95,110.9272,0.0,29,3,2014-11-28,2017-12-05,1103,25,0,0,Core Loyal Customers
BF-11170,5907.972,1538.2127,0.1222222222222222,102,11,2014-04-13,2017-12-14,1341,16,0,3,Active Growing Customers
BF-11215,1585.162,523.2133,0.05,48,4,2014-11-09,2017-10-26,1082,65,0,0,Core Loyal Customers
BF-11275,791.9899999999999,25.8702,0.15,11,3,2014-03-22,2017-11-03,1322,57,0,0,Core Loyal Customers
BG-11035,2798.948,-711.4274,0.1916666666666666,35,8,2014-11-05,2017-12-02,1123,28,0,0,Core Loyal Customers
BG-11695,1874.172,107.5715,0.1375,24,6,2014-05-11,2017-11-24,1293,36,0,0,Core Loyal Customers
BG-11740,1006.356,119.3479,0.1428571428571428,22,6,2014-03-23,2017-11-03,1321,57,0,0,Core Loyal Customers
BH-11710,6255.351,802.7898,0.1833333333333333,97,8,2014-06-09,2017-12-07,1277,23,0,3,Active Growing Customers
BK-11260,659.1379999999999,-63.7644,0.20625,58,6,2014-08-03,2017-10-14,1168,77,0,0,Core Loyal Customers
BM-11140,11789.63,-1659.9580999999998,0.16875,64,4,2014-09-08,2017-02-26,902,307,1,3,Active Growing Customers
BM-11575,808.162,95.5816,0.18,22,6,2015-09-15,2017-09-21,737,100,0,0,Core Loyal Customers
BM-11650,7294.185,2199.2781,0.0844827586206896,95,11,2014-07-09,2017-11-27,1237,33,0,2,High-Value Customers (VIPs)
BM-11785,1338.842,137.7439,0.25,44,10,2014-06-06,2017-05-26,1085,218,1,3,Active Growing Customers
BN-11470,265.296,36.6131,0.1666666666666666,15,4,2014-09-12,2017-12-06,1181,24,0,0,Core Loyal Customers
BN-11515,1459.344,340.7054,0.0235294117647058,79,5,2014-03-17,2017-12-21,1375,9,0,3,Active Growing Customers
BO-11350,2682.728,278.77700000000004,0.2333333333333333,43,5,2016-01-03,2017-08-15,590,137,0,0,Core Loyal Customers
BO-11425,130.83,59.4522,0.0,7,2,2015-09-10,2017-10-16,767,75,0,0,Core Loyal Customers
BP-11050,983.42,209.783,0.1428571428571428,30,5,2014-10-12,2017-10-08,1092,83,0,0,Core Loyal Customers
BP-11095,2442.044,433.9751,0.165,70,12,2014-06-07,2017-12-13,1285,17,0,3,Active Growing Customers
BP-11155,1697.861,647.3847000000001,0.0818181818181818,32,6,2015-06-04,2017-10-02,851,89,0,0,Core Loyal Customers
BP-11185,3675.861,363.5991,0.1944444444444444,69,9,2015-03-24,2017-12-29,1011,1,0,3,Active Growing Customers
BP-11230,1181.49,-197.2695,0.0666666666666666,14,5,2014-04-20,2017-11-21,1311,39,0,0,Core Loyal Customers
BP-11290,2475.157,-319.0637,0.3,51,7,2014-10-03,2017-12-18,1172,12,0,0,Core Loyal Customers
BS-11365,10501.653,2616.0644,0.0111111111111111,39,5,2014-05-04,2016-06-20,778,558,1,2,High-Value Customers (VIPs)
BS-11380,3887.834,-17.532200000000024,0.2769230769230769,58,5,2014-11-29,2017-12-02,1099,28,0,0,Core Loyal Customers
BS-11590,2454.928,381.7807,0.3,41,6,2014-01-14,2017-11-25,1411,35,0,0,Core Loyal Customers
BS-11665,3288.11,238.7368,0.1818181818181818,47,3,2014-06-23,2016-05-27,704,582,1,1,Lost or At-Risk Customers
BS-11755,2562.382,-113.29840000000004,0.1321428571428571,45,7,2014-05-18,2017-12-29,1321,1,0,0,Core Loyal Customers
BS-11800,949.43,194.0516,0.0,22,2,2015-09-26,2017-04-09,561,265,1,1,Lost or At-Risk Customers
BT-11305,2567.656,417.5918,0.0444444444444444,33,5,2014-04-25,2017-01-28,1009,336,1,0,Core Loyal Customers
BT-11395,2186.6130000000003,257.9163,0.15,38,6,2014-10-28,2017-03-03,857,302,1,0,Core Loyal Customers
BT-11440,603.876,-77.5256,0.1571428571428571,16,4,2014-06-04,2016-06-18,745,560,1,1,Lost or At-Risk Customers
BT-11485,415.196,126.8694,0.0666666666666666,11,2,2015-12-27,2016-03-11,75,659,1,1,Lost or At-Risk Customers
BT-11530,2684.492,409.4983,0.1,44,5,2014-05-21,2017-09-30,1228,91,0,0,Core Loyal Customers
BT-11680,3196.752,447.7484,0.07,88,7,2014-11-28,2017-12-10,1108,20,0,3,Active Growing Customers
BV-11245,1523.273,315.2214,0.0928571428571428,49,5,2015-03-26,2017-01-30,676,334,1,1,Lost or At-Risk Customers
BW-11065,385.516,-58.28659999999999,0.1333333333333333,8,3,2014-05-25,2017-06-01,1103,212,1,0,Core Loyal Customers
BW-11110,4750.358,921.2574,0.1411764705882353,74,8,2015-03-20,2017-08-31,895,121,0,3,Active Growing Customers
BW-11200,1738.406,246.9973,0.15,49,6,2014-08-12,2017-06-10,1033,203,1,0,Core Loyal Customers
CA-11965,3789.7228,1143.3817,0.112,29,6,2014-01-26,2017-09-25,1338,96,0,0,Core Loyal Customers
CA-12055,1679.7240000000002,211.2559,0.3,49,5,2015-09-05,2016-11-24,446,401,1,1,Lost or At-Risk Customers
CA-12265,2648.2872,279.6183,0.1894117647058823,65,9,2014-03-25,2017-11-04,1320,56,0,3,Active Growing Customers
CA-12310,1421.954,246.0218,0.1181818181818181,25,4,2014-07-19,2017-12-17,1247,13,0,0,Core Loyal Customers
CA-12775,3041.566,204.4895,0.188235294117647,72,7,2014-06-28,2017-09-01,1161,120,0,3,Active Growing Customers
CB-12025,6076.139,150.2089,0.1634615384615384,122,10,2014-03-21,2017-11-13,1333,47,0,3,Active Growing Customers
CB-12415,1949.2,272.3883,0.3333333333333333,44,8,2015-11-05,2017-12-04,760,26,0,0,Core Loyal Customers
CB-12535,4246.4555,1049.5601,0.05,74,8,2015-01-02,2017-06-16,896,197,1,3,Active Growing Customers
CC-12100,1770.945,208.5912,0.2153846153846153,46,6,2014-12-16,2016-09-29,653,457,1,1,Lost or At-Risk Customers
CC-12145,2471.65,392.2825,0.0818181818181818,31,7,2014-07-20,2017-09-15,1153,106,0,0,Core Loyal Customers
CC-12220,3913.418,393.9618,0.1181818181818181,81,12,2014-09-09,2017-12-10,1188,20,0,3,Active Growing Customers
CC-12370,12129.072000000002,2177.0493,0.2818181818181818,34,5,2016-05-23,2017-11-17,543,43,0,2,High-Value Customers (VIPs)
CC-12430,2870.05,424.6583,0.0578947368421052,63,10,2015-09-06,2017-12-30,846,0,0,3,Active Growing Customers
CC-12475,1659.438,154.851,0.1615384615384615,40,9,2014-05-16,2017-11-21,1285,39,0,3,Active Growing Customers
CC-12550,113.832,33.8706,0.15,14,3,2017-06-15,2017-12-03,171,27,0,1,Lost or At-Risk Customers
CC-12610,2540.631,331.434,0.2749999999999999,39,7,2014-08-27,2017-11-26,1187,34,0,0,Core Loyal Customers
CC-12670,2269.7015,187.8399,0.1678571428571428,47,7,2014-12-23,2017-12-01,1074,29,0,0,Core Loyal Customers
CC-12685,2854.115,850.1591,0.25,51,4,2014-03-22,2015-10-23,580,799,1,1,Lost or At-Risk Customers
CD-11920,2033.968,426.661,0.0444444444444444,35,5,2014-03-24,2017-11-20,1337,40,0,0,Core Loyal Customers
CD-11980,639.766,-206.7172,0.4333333333333333,22,3,2016-11-24,2017-11-06,347,54,0,1,Lost or At-Risk Customers
CD-12280,1205.584,233.0274,0.0846153846153846,39,2,2017-11-05,2017-11-18,13,42,0,1,Lost or At-Risk Customers
CD-12790,1860.732,403.8422,0.0266666666666666,49,5,2014-02-02,2016-11-26,1028,399,1,0,Core Loyal Customers
CG-12040,904.468,86.5106,0.1888888888888888,37,6,2015-06-01,2017-11-11,894,49,0,0,Core Loyal Customers
CG-12520,1148.7800000000002,169.93439999999998,0.2,14,3,2015-10-15,2017-01-26,469,338,1,1,Lost or At-Risk Customers
CH-12070,1537.236,195.1511,0.15,13,3,2015-06-25,2016-02-08,228,691,1,1,Lost or At-Risk Customers
CJ-11875,16.52,1.652,0.2,5,1,2016-12-30,2016-12-30,0,365,1,1,Lost or At-Risk Customers
CJ-12010,11164.974,858.7414,0.1885,83,8,2016-03-10,2017-06-24,471,189,1,2,High-Value Customers (VIPs)
CK-12205,3154.855,141.2831,0.234375,122,13,2014-03-11,2017-11-21,1351,39,0,3,Active Growing Customers
CK-12325,2945.321,261.22090000000003,0.1833333333333333,46,5,2014-03-14,2017-09-01,1267,120,0,0,Core Loyal Customers
CK-12595,2372.75,497.7098,0.184,108,11,2014-12-26,2017-11-17,1057,43,0,3,Active Growing Customers
CK-12760,1582.109,-338.4311,0.15,64,9,2014-02-07,2017-10-09,1340,82,0,3,Active Growing Customers
CL-11890,1262.014,328.0847,0.0571428571428571,24,4,2014-07-26,2017-09-15,1147,106,0,0,Core Loyal Customers
CL-12565,10880.546,1933.7831,0.1142857142857143,106,12,2014-03-04,2017-03-21,1113,284,1,2,High-Value Customers (VIPs)
CL-12700,2353.586,229.0099,0.1875,34,5,2016-04-24,2017-09-16,510,105,0,0,Core Loyal Customers
CM-11815,1673.888,214.463,0.12,38,6,2014-11-14,2017-08-21,1011,131,0,0,Core Loyal Customers
CM-11935,565.392,-43.732400000000005,0.2,18,2,2015-09-24,2016-01-22,120,708,1,1,Lost or At-Risk Customers
CM-12115,1661.61,409.0679,0.0285714285714285,35,4,2015-03-29,2017-12-22,999,8,0,0,Core Loyal Customers
CM-12160,2533.314,-394.3686,0.2428571428571428,23,6,2016-10-21,2017-12-04,409,26,0,0,Core Loyal Customers
CM-12190,1475.144,91.2033,0.0714285714285714,21,6,2015-09-18,2017-12-22,826,8,0,0,Core Loyal Customers
CM-12235,2305.712,365.0387,0.075,28,5,2016-05-01,2016-12-10,223,385,1,1,Lost or At-Risk Customers
CM-12385,8954.019999999999,3899.8904,0.12,34,4,2015-03-16,2017-11-23,983,37,0,2,High-Value Customers (VIPs)
CM-12445,287.99,64.4296,0.0777777777777777,32,3,2014-06-09,2016-10-20,864,436,1,1,Lost or At-Risk Customers
CM-12655,6339.5576,1572.4585,0.072,42,6,2015-03-19,2017-12-03,990,27,0,2,High-Value Customers (VIPs)
CM-12715,3984.4524,176.3108,0.3092307692307692,57,4,2014-03-07,2015-03-01,359,1035,1,1,Lost or At-Risk Customers
CP-12085,5402.254,427.0258,0.1428571428571428,57,8,2014-12-04,2017-10-09,1040,82,0,3,Active Growing Customers
CP-12340,5888.275,-1850.3029,0.2133333333333333,59,8,2014-03-17,2017-07-23,1224,160,0,3,Active Growing Customers
CR-12580,2148.852,74.40129999999999,0.1333333333333333,32,4,2016-04-18,2017-11-03,564,57,0,0,Core Loyal Customers
CR-12625,475.9,144.7594,0.0,14,3,2014-06-01,2016-09-16,838,470,1,1,Lost or At-Risk Customers
CR-12730,1600.55,306.9176,0.2666666666666666,18,4,2014-08-20,2017-10-13,1150,78,0,0,Core Loyal Customers
CR-12820,1397.8724,83.27029999999999,0.1314285714285714,26,3,2015-01-24,2017-10-06,986,85,0,0,Core Loyal Customers
CS-11845,1278.954,185.3776,0.275,22,5,2014-12-14,2017-09-30,1021,91,0,0,Core Loyal Customers
CS-11860,537.632,105.8275,0.2285714285714286,16,6,2014-05-02,2017-07-21,1176,162,0,0,Core Loyal Customers
CS-11950,3036.547,-126.4223,0.2636363636363636,68,11,2014-06-08,2017-12-05,1276,25,0,3,Active Growing Customers
CS-12130,884.64,143.8339,0.1142857142857143,28,4,2014-08-05,2016-08-28,754,489,1,1,Lost or At-Risk Customers
CS-12175,844.4580000000001,113.1405,0.1625,30,5,2014-08-12,2017-05-12,1004,232,1,0,Core Loyal Customers
CS-12250,2754.216,738.3626,0.0571428571428571,97,12,2014-01-13,2017-12-04,1421,26,0,3,Active Growing Customers
CS-12355,3202.1620000000003,831.9432,0.0818181818181818,74,11,2014-08-15,2017-12-24,1227,6,0,3,Active Growing Customers
CS-12400,3651.8585,-342.80330000000004,0.2142857142857142,47,9,2014-09-26,2017-12-28,1189,2,0,3,Active Growing Customers
CS-12460,550.644,156.2593,0.0666666666666666,13,2,2017-07-03,2017-12-03,153,27,0,1,Lost or At-Risk Customers
CS-12490,1077.2285,-302.8761,0.25,33,4,2015-01-12,2016-11-01,659,424,1,1,Lost or At-Risk Customers
CS-12505,5690.054999999999,-6626.389499999999,0.1999999999999999,40,6,2014-03-26,2017-11-02,1317,58,0,0,Core Loyal Customers
CT-11995,3241.898,161.22629999999995,0.1611111111111111,60,8,2014-05-07,2017-09-25,1237,96,0,3,Active Growing Customers
CV-12295,2830.628,493.0861,0.0769230769230769,54,5,2014-03-28,2017-04-20,1119,254,1,0,Core Loyal Customers
CV-12805,2370.3136,98.9975,0.2431578947368421,62,9,2016-05-09,2017-12-25,595,5,0,3,Active Growing Customers
CW-11905,1136.592,370.8298,0.0909090909090909,40,6,2014-06-09,2017-12-08,1278,22,0,0,Core Loyal Customers
CY-12745,2900.026,60.64670000000001,0.2,43,8,2014-12-12,2017-10-31,1054,60,0,3,Active Growing Customers
Co-12640,1300.076,205.6282,0.175,30,5,2014-06-20,2016-06-29,740,549,1,1,Lost or At-Risk Customers
DA-13450,156.76,56.7904,0.125,27,4,2014-04-25,2017-01-12,993,352,1,0,Core Loyal Customers
DB-12910,2171.599,431.3748,0.1541666666666666,47,8,2014-10-24,2017-12-09,1142,21,0,3,Active Growing Customers
DB-12970,2839.2272,213.0029,0.1657142857142857,43,5,2014-11-12,2017-05-03,903,241,1,0,Core Loyal Customers
DB-13060,4531.646,473.0272,0.1846153846153846,48,7,2014-03-01,2017-12-14,1384,16,0,3,Active Growing Customers
DB-13120,2973.094,-1421.7692,0.1428571428571428,59,7,2015-05-01,2017-11-12,926,48,0,0,Core Loyal Customers
DB-13210,2332.577,169.9679,0.1857142857142857,75,10,2015-03-22,2017-12-21,1005,9,0,3,Active Growing Customers
DB-13270,4655.897,841.8263999999999,0.2076923076923077,52,8,2014-02-04,2017-11-07,1372,53,0,3,Active Growing Customers
DB-13360,1081.466,291.0085,0.0833333333333333,28,5,2014-11-19,2017-04-10,873,264,1,0,Core Loyal Customers
DB-13405,1711.692,438.9092,0.0285714285714285,62,4,2015-08-08,2017-06-26,688,187,1,0,Core Loyal Customers
DB-13555,3908.8028,109.327,0.1514285714285714,61,7,2014-04-21,2017-09-14,1242,107,0,3,Active Growing Customers
DB-13615,1989.05,438.8012,0.1454545454545454,41,7,2014-09-30,2017-11-27,1154,33,0,0,Core Loyal Customers
DB-13660,1155.202,177.67350000000002,0.16,33,7,2014-06-17,2017-12-18,1280,12,0,0,Core Loyal Customers
DC-12850,3336.168,-1441.6312999999998,0.2111111111111111,64,9,2014-07-05,2017-11-23,1237,37,0,3,Active Growing Customers
DC-13285,1174.618,132.06820000000002,0.0785714285714285,37,5,2014-12-29,2017-12-07,1074,23,0,0,Core Loyal Customers
DD-13570,269.542,36.4344,0.2444444444444444,33,6,2014-03-31,2017-11-19,1329,41,0,0,Core Loyal Customers
DE-13255,2550.874,464.4714,0.1111111111111111,38,5,2014-08-22,2016-01-11,507,719,1,1,Lost or At-Risk Customers
DF-13135,2390.534,-259.3097,0.2833333333333334,23,3,2014-10-04,2016-01-30,483,700,1,1,Lost or At-Risk Customers
DG-13300,3195.818,562.7761,0.1,39,5,2014-11-01,2017-11-28,1123,32,0,0,Core Loyal Customers
DH-13075,4932.872,1193.7404,0.0782608695652174,81,6,2014-11-21,2017-03-28,858,277,1,3,Active Growing Customers
DH-13675,1043.096,116.667,0.1227272727272727,41,4,2014-08-12,2015-11-15,460,776,1,1,Lost or At-Risk Customers
DJ-13420,2012.52,483.035,0.0,20,4,2014-12-08,2016-04-02,481,637,1,1,Lost or At-Risk Customers
DJ-13510,2501.688,345.2521,0.0692307692307692,52,8,2014-08-17,2017-11-12,1183,48,0,3,Active Growing Customers
DJ-13630,3356.398,731.5644,0.0625,43,3,2015-12-14,2017-12-18,735,12,0,0,Core Loyal Customers
DK-12835,3256.48,881.1228000000001,0.1777777777777777,86,12,2014-03-26,2017-12-09,1354,21,0,3,Active Growing Customers
DK-12895,4282.176,937.6496,0.08,65,5,2015-03-08,2017-11-15,983,45,0,3,Active Growing Customers
DK-12985,1687.04,-107.35379999999998,0.1625,32,5,2014-11-24,2017-12-23,1125,7,0,0,Core Loyal Customers
DK-13090,2650.557,536.3935,0.1384615384615384,33,7,2015-03-02,2017-11-18,992,42,0,0,Core Loyal Customers
DK-13150,797.832,249.9447,0.12,20,2,2014-12-05,2017-12-20,1111,10,0,0,Core Loyal Customers
DK-13225,4802.394,209.89940000000004,0.1947368421052631,70,9,2014-03-14,2017-12-20,1377,10,0,3,Active Growing Customers
DK-13375,3318.486,377.0799,0.108695652173913,77,8,2014-09-07,2017-12-11,1191,19,0,3,Active Growing Customers
DL-12865,1503.112,322.2449,0.15,51,8,2014-06-29,2017-09-21,1180,100,0,3,Active Growing Customers
DL-12925,3272.2,4.213200000000029,0.0357142857142857,43,6,2014-09-09,2017-11-03,1151,57,0,0,Core Loyal Customers
DL-13315,1458.258,288.8732,0.1823529411764706,74,8,2014-01-16,2017-12-08,1422,22,0,3,Active Growing Customers
DL-13330,585.02,222.6812,0.05,32,4,2014-06-23,2017-11-03,1229,57,0,0,Core Loyal Customers
DL-13495,3539.322,-52.78799999999997,0.05,33,8,2015-12-25,2017-10-15,660,76,0,0,Core Loyal Customers
DM-12955,1322.034,108.7583,0.1666666666666666,28,7,2014-09-30,2017-09-07,1073,114,0,0,Core Loyal Customers
DM-13015,6345.103,1677.3931,0.2299999999999999,87,7,2014-09-14,2017-11-03,1146,57,0,2,High-Value Customers (VIPs)
DM-13345,4074.472,1319.0586,0.1,41,8,2014-11-03,2017-12-08,1131,22,0,3,Active Growing Customers
DM-13525,1376.792,199.7688,0.1699999999999999,33,3,2014-07-05,2016-09-05,793,481,1,1,Lost or At-Risk Customers
DN-13690,2139.79,540.5405000000001,0.0181818181818181,41,7,2014-09-20,2017-05-27,980,217,1,0,Core Loyal Customers
DO-13435,1300.0315,-38.90860000000001,0.1576923076923077,48,9,2014-10-03,2017-08-19,1051,133,0,3,Active Growing Customers
DO-13645,1267.316,294.0676,0.0909090909090909,36,7,2015-11-07,2017-12-04,758,26,0,0,Core Loyal Customers
DP-13000,1050.636,241.4524,0.2117647058823529,58,9,2014-01-03,2017-08-26,1331,126,0,3,Active Growing Customers
DP-13105,2215.002,563.1761,0.1142857142857143,63,8,2015-08-22,2017-12-24,855,6,0,3,Active Growing Customers
DP-13165,1058.616,-40.93759999999999,0.15,20,2,2014-12-02,2015-10-10,312,812,1,1,Lost or At-Risk Customers
DP-13390,5480.723999999999,1571.8318,0.1857142857142857,50,9,2014-07-05,2017-01-06,916,358,1,3,Active Growing Customers
DR-12880,6528.034000000001,1641.8613,0.1333333333333333,103,9,2015-09-25,2017-12-27,824,3,0,2,High-Value Customers (VIPs)
DR-12940,8350.868,2869.076,0.1538461538461538,57,8,2014-03-28,2017-11-10,1323,50,0,2,High-Value Customers (VIPs)
DS-13030,1762.213,193.3319,0.1394736842105263,54,4,2014-07-09,2017-09-28,1177,93,0,0,Core Loyal Customers
DS-13180,2881.8128,163.6993,0.1535,68,9,2014-04-28,2017-12-07,1319,23,0,3,Active Growing Customers
DV-13045,1119.483,-427.184,0.1722222222222222,28,5,2016-06-12,2017-12-11,547,19,0,0,Core Loyal Customers
DV-13465,3341.587,353.2127,0.1133333333333333,62,6,2014-06-22,2017-12-01,1258,29,0,3,Active Growing Customers
DW-13195,1080.751,-86.87379999999999,0.2444444444444444,39,6,2014-01-18,2017-10-22,1373,69,0,0,Core Loyal Customers
DW-13480,5271.628,1348.7556,0.0363636363636363,38,5,2014-06-01,2017-05-27,1091,217,1,0,Core Loyal Customers
DW-13540,344.08,69.6672,0.1777777777777777,21,5,2016-02-27,2017-09-23,574,98,0,0,Core Loyal Customers
DW-13585,1204.854,-266.8966,0.17,44,7,2014-08-24,2017-05-02,982,242,1,0,Core Loyal Customers
Dl-13600,755.602,175.2388,0.2166666666666666,19,5,2014-03-30,2017-09-02,1252,119,0,0,Core Loyal Customers
Dp-13240,7198.761,333.36479999999995,0.1862068965517241,99,11,2014-05-26,2017-10-07,1230,84,0,3,Active Growing Customers
EA-14035,2846.705,-52.74059999999998,0.3,87,13,2014-09-13,2017-07-31,1052,152,0,3,Active Growing Customers
EB-13705,3644.978,13.621500000000005,0.2583333333333333,55,9,2014-07-08,2017-11-12,1223,48,0,3,Active Growing Customers
EB-13750,3236.314,-80.28599999999999,0.145,91,10,2015-03-12,2017-11-25,989,35,0,3,Active Growing Customers
EB-13840,4358.128,656.1988,0.125,41,5,2014-05-30,2017-10-01,1220,90,0,0,Core Loyal Customers
EB-13870,2767.219,261.5315,0.2909090909090909,41,10,2014-05-05,2017-09-21,1235,100,0,3,Active Growing Customers
EB-13930,944.6,0.6042000000000058,0.1714285714285714,24,5,2014-02-02,2017-07-22,1266,161,0,0,Core Loyal Customers
EB-13975,1643.255,162.8781,0.2833333333333333,18,4,2016-01-04,2017-12-30,726,0,0,0,Core Loyal Customers
EB-14110,3071.126,184.7656,0.2090909090909091,30,6,2015-04-13,2017-09-08,879,113,0,0,Core Loyal Customers
EB-14170,1186.326,282.1701,0.2285714285714286,20,6,2014-09-29,2017-10-09,1106,82,0,0,Core Loyal Customers
EC-14050,461.914,96.4256,0.0999999999999999,37,5,2014-12-17,2017-11-07,1056,53,0,0,Core Loyal Customers
ED-13885,3484.92,670.4435000000001,0.2142857142857142,54,8,2014-08-09,2017-08-17,1104,135,0,3,Active Growing Customers
EG-13900,1832.02,104.2656,0.2,44,5,2015-11-02,2017-12-08,767,22,0,0,Core Loyal Customers
EH-13765,10310.88,1393.5154,0.071875,120,12,2014-04-12,2017-08-17,1223,135,0,2,High-Value Customers (VIPs)
EH-13945,684.1709999999999,53.53980000000001,0.2941176470588235,72,8,2014-07-02,2017-05-27,1060,217,1,3,Active Growing Customers
EH-13990,825.9499999999999,150.3759,0.0625,20,6,2014-01-15,2016-11-20,1040,405,1,0,Core Loyal Customers
EH-14005,1219.53,-94.14079999999996,0.1727272727272727,50,7,2014-05-13,2017-12-28,1325,2,0,0,Core Loyal Customers
EH-14125,3082.653,96.2702,0.2055555555555555,76,10,2014-10-19,2017-07-31,1016,152,0,3,Active Growing Customers
EH-14185,923.884,242.1107,0.2875,22,6,2014-05-22,2017-09-16,1213,105,0,0,Core Loyal Customers
EJ-13720,2162.174,387.0176,0.175,31,4,2014-01-27,2017-03-03,1131,302,1,0,Core Loyal Customers
EJ-14155,2656.691,451.8755000000001,0.0625,31,5,2014-03-03,2017-11-03,1341,57,0,0,Core Loyal Customers
EK-13795,1303.478,97.1066,0.0875,18,4,2014-03-18,2017-11-16,1339,44,0,0,Core Loyal Customers
EL-13735,124.28,27.1154,0.0,9,2,2016-04-22,2017-10-14,540,77,0,0,Core Loyal Customers
EM-13810,2567.01,-133.8275,0.1428571428571428,23,5,2015-06-07,2017-08-20,805,132,0,0,Core Loyal Customers
EM-13825,2339.598,682.5541999999999,0.0625,57,8,2014-12-02,2017-11-05,1069,55,0,3,Active Growing Customers
EM-13960,933.704,102.296,0.2333333333333333,18,5,2015-10-01,2017-08-01,670,151,0,0,Core Loyal Customers
EM-14065,228.99,40.15459999999999,0.25,22,4,2014-07-22,2017-11-13,1210,47,0,0,Core Loyal Customers
EM-14095,1041.042,240.2362,0.1,34,4,2015-08-07,2017-09-08,763,113,0,0,Core Loyal Customers
EM-14140,4588.436000000001,1319.3655,0.0666666666666666,74,6,2014-07-19,2017-11-12,1212,48,0,3,Active Growing Customers
EM-14200,366.822,21.7721,0.125,13,3,2015-12-20,2017-07-25,583,158,0,1,Lost or At-Risk Customers
EN-13780,2199.366,496.1131,0.0444444444444444,27,4,2015-05-30,2017-03-18,658,287,1,1,Lost or At-Risk Customers
EP-13915,5478.0608,144.9578,0.1974193548387096,124,17,2014-07-06,2017-12-18,1261,12,0,3,Active Growing Customers
ER-13855,1245.788,-295.7398,0.2,27,3,2015-12-21,2016-11-04,319,421,1,1,Lost or At-Risk Customers
ES-14020,3510.458,1003.2935,0.125,31,5,2014-09-20,2017-11-20,1157,40,0,0,Core Loyal Customers
ES-14080,4657.924,246.6661,0.26,77,9,2014-10-02,2017-12-02,1157,28,0,3,Active Growing Customers
FA-14230,2984.054,520.5229,0.2588235294117647,58,7,2014-09-19,2017-09-24,1101,97,0,3,Active Growing Customers
FC-14245,3418.742,1217.1662,0.1357142857142857,50,7,2015-06-13,2017-10-21,861,70,0,3,Active Growing Customers
FC-14335,3889.366,714.2926,0.16,37,7,2014-10-10,2017-06-29,993,184,1,0,Core Loyal Customers
FG-14260,1383.144,394.7397,0.1181818181818181,48,7,2014-05-21,2017-11-26,1285,34,0,0,Core Loyal Customers
FH-14275,4256.272,1073.2676,0.1285714285714286,65,10,2014-04-06,2017-11-23,1327,37,0,3,Active Growing Customers
FH-14350,2271.284,706.289,0.1071428571428571,52,4,2015-08-23,2017-06-01,648,212,1,0,Core Loyal Customers
FH-14365,6987.196,2050.2826,0.1384615384615384,52,8,2014-10-20,2017-12-25,1162,5,0,2,High-Value Customers (VIPs)
FM-14215,2456.638,249.6808,0.0933333333333333,48,10,2014-03-11,2017-12-23,1383,7,0,3,Active Growing Customers
FM-14290,3736.198,198.1095,0.18,79,9,2014-08-26,2017-11-24,1186,36,0,3,Active Growing Customers
FM-14380,2523.266,191.4898,0.1571428571428571,53,9,2015-07-12,2017-08-07,757,145,0,3,Active Growing Customers
FO-14305,2678.438,215.5969,0.22,60,10,2014-06-09,2017-11-22,1262,38,0,3,Active Growing Customers
FP-14320,4046.746,406.4473,0.1357142857142857,54,8,2014-12-07,2017-12-07,1096,23,0,3,Active Growing Customers
FW-14395,79.75,23.491300000000003,0.0,9,3,2015-03-22,2017-01-02,652,362,1,1,Lost or At-Risk Customers
GA-14515,3919.776,840.899,0.0642857142857143,48,8,2014-05-18,2017-08-03,1173,149,0,3,Active Growing Customers
GA-14725,1398.382,136.70790000000002,0.1795454545454545,79,11,2014-02-11,2017-12-25,1413,5,0,3,Active Growing Customers
GB-14530,1568.44,7.837100000000003,0.1699999999999999,62,11,2014-04-28,2017-10-29,1280,62,0,3,Active Growing Customers
GB-14575,4716.288,1135.8393,0.0375,63,5,2015-06-12,2017-12-17,919,13,0,3,Active Growing Customers
GD-14590,1888.07,230.9373,0.1333333333333333,25,4,2014-05-05,2017-12-25,1330,5,0,0,Core Loyal Customers
GG-14650,2224.0,12.698500000000008,0.15,92,9,2014-10-31,2017-11-17,1113,43,0,3,Active Growing Customers
GH-14410,2819.467,-576.8335,0.2705882352941176,65,9,2014-07-09,2017-10-16,1195,75,0,3,Active Growing Customers
GH-14425,4172.8460000000005,1176.4181,0.19,51,4,2014-06-17,2017-11-10,1242,50,0,0,Core Loyal Customers
GH-14485,1361.244,-95.4498,0.4666666666666666,15,2,2015-10-08,2016-12-08,427,387,1,1,Lost or At-Risk Customers
GH-14665,146.94080000000002,-5.810200000000001,0.24,9,2,2015-11-17,2017-12-28,772,2,0,0,Core Loyal Customers
GK-14620,6497.27,1448.5525,0.1571428571428571,66,9,2014-06-25,2017-09-09,1172,112,0,2,High-Value Customers (VIPs)
GM-14440,3582.82,347.266,0.1181818181818181,43,7,2014-03-21,2017-10-08,1297,83,0,3,Active Growing Customers
GM-14455,3078.624,793.2814000000001,0.1666666666666666,54,6,2014-04-11,2017-12-14,1343,16,0,3,Active Growing Customers
GM-14500,1255.682,441.3185,0.1153846153846153,53,10,2014-08-09,2017-09-15,1133,106,0,3,Active Growing Customers
GM-14680,3163.628,35.48649999999999,0.1454545454545454,31,6,2014-05-10,2017-07-31,1178,152,0,0,Core Loyal Customers
GM-14695,6049.966,188.7235,0.0545454545454545,44,3,2014-04-05,2017-09-04,1248,117,0,0,Core Loyal Customers
GP-14740,236.53,31.8376,0.1399999999999999,21,2,2014-04-06,2015-11-26,599,765,1,1,Lost or At-Risk Customers
GR-14560,1284.38,359.83320000000003,0.0,23,2,2014-11-19,2014-11-21,2,1135,1,1,Lost or At-Risk Customers
GT-14635,9351.212,-4108.6589,0.25,26,3,2014-06-06,2017-11-04,1247,56,0,0,Core Loyal Customers
GT-14710,11820.12,2163.4269,0.1,106,11,2014-05-23,2017-11-24,1281,36,0,2,High-Value Customers (VIPs)
GT-14755,226.436,-6.139200000000002,0.2,23,4,2015-02-18,2017-11-26,1012,34,0,0,Core Loyal Customers
GW-14605,2189.019,-268.54229999999995,0.1555555555555555,43,7,2014-03-01,2017-12-02,1372,28,0,0,Core Loyal Customers
GZ-14470,4355.150000000001,1087.7539,0.0785714285714285,48,9,2014-08-05,2017-12-23,1236,7,0,3,Active Growing Customers
GZ-14545,2454.6220000000003,828.661,0.04,25,4,2014-09-28,2017-07-26,1032,157,0,0,Core Loyal Customers
HA-14905,2163.3,270.8574,0.2299999999999999,45,7,2014-06-30,2017-10-22,1210,69,0,0,Core Loyal Customers
HA-14920,2584.158,99.1445,0.2,72,8,2014-10-11,2017-12-10,1156,20,0,3,Active Growing Customers
HD-14785,251.36,-135.87599999999998,0.3,31,3,2014-05-11,2015-11-22,560,769,1,1,Lost or At-Risk Customers
HE-14800,883.5319999999999,274.4028,0.0181818181818181,44,4,2016-01-30,2017-12-18,688,12,0,0,Core Loyal Customers
HF-14995,2533.164,-13.876799999999989,0.131578947368421,70,7,2014-05-26,2017-12-09,1293,21,0,3,Active Growing Customers
HG-14845,785.628,147.0032,0.19,31,5,2014-04-29,2017-11-06,1287,54,0,0,Core Loyal Customers
HG-14965,3247.642,-2797.9635000000003,0.1705882352941176,68,12,2014-09-20,2017-12-07,1174,23,0,3,Active Growing Customers
HG-15025,3690.284,804.6113,0.1727272727272727,38,7,2014-10-14,2017-12-24,1167,6,0,0,Core Loyal Customers
HH-15010,218.668,86.7342,0.0333333333333333,20,2,2014-08-29,2017-10-19,1147,72,0,0,Core Loyal Customers
HJ-14875,358.1,98.6548,0.1,21,5,2015-04-13,2017-08-26,866,126,0,0,Core Loyal Customers
HK-14890,4877.784,956.9451,0.2133333333333333,64,8,2014-06-10,2017-08-01,1148,151,0,3,Active Growing Customers
HL-15040,12873.298,5622.4292000000005,0.0181818181818181,50,6,2014-01-20,2017-11-17,1397,43,0,2,High-Value Customers (VIPs)
HM-14860,8236.7648,2437.9836,0.231,76,10,2014-07-21,2017-12-28,1256,2,0,2,High-Value Customers (VIPs)
HM-14980,736.276,117.2755,0.1714285714285714,29,4,2015-10-02,2017-04-27,573,247,1,1,Lost or At-Risk Customers
HP-14815,1990.314,373.8637,0.3,44,7,2014-05-06,2017-11-30,1304,30,0,0,Core Loyal Customers
HR-14770,1299.288,185.5794,0.0461538461538461,38,5,2014-03-01,2017-12-17,1387,13,0,0,Core Loyal Customers
HR-14830,5248.787,1196.9504,0.0999999999999999,51,7,2014-11-24,2017-07-24,973,159,0,3,Active Growing Customers
HW-14935,9300.254,2164.1611,0.045,85,8,2015-09-27,2017-09-04,708,117,0,2,High-Value Customers (VIPs)
HZ-14950,886.52,-130.3879,0.1999999999999999,21,5,2016-03-14,2017-11-25,621,35,0,0,Core Loyal Customers
IG-15085,744.574,320.4982,0.0285714285714285,19,4,2014-10-18,2017-10-20,1098,71,0,0,Core Loyal Customers
IL-15100,5040.736,1121.937,0.0714285714285714,60,7,2014-08-01,2017-08-10,1105,142,0,3,Active Growing Customers
IM-15055,2872.63,975.7701,0.1,19,3,2014-01-23,2016-11-16,1028,409,1,1,Lost or At-Risk Customers
IM-15070,4930.474,514.6527,0.1666666666666666,93,7,2014-12-19,2016-12-05,717,390,1,3,Active Growing Customers
JA-15970,6491.026,-819.4217000000001,0.2125,87,8,2014-09-17,2017-09-29,1108,92,0,3,Active Growing Customers
JB-15400,1791.605,156.05319999999998,0.20625,43,10,2014-09-14,2017-12-23,1196,7,0,3,Active Growing Customers
JB-15925,900.552,-286.9808,0.3,32,3,2014-12-05,2015-12-24,384,737,1,1,Lost or At-Risk Customers
JB-16000,644.1188,126.7649,0.0742857142857142,32,7,2016-01-10,2017-11-17,677,43,0,0,Core Loyal Customers
JB-16045,2518.115,201.5185,0.1888888888888889,32,5,2015-05-03,2017-12-23,965,7,0,0,Core Loyal Customers
JC-15340,71.263,-0.3556000000000003,0.2249999999999999,12,4,2014-01-28,2017-09-07,1318,114,0,0,Core Loyal Customers
JC-15385,1058.108,502.9244000000001,0.05,14,1,2017-07-08,2017-07-08,0,175,0,1,Lost or At-Risk Customers
JC-15775,2772.055,279.5692,0.121875,64,9,2014-09-14,2017-07-25,1045,158,0,3,Active Growing Customers
JC-16105,858.576,201.5952,0.0444444444444444,43,5,2014-11-18,2017-11-03,1081,57,0,0,Core Loyal Customers
JD-15790,2152.352,-266.55249999999995,0.1714285714285714,26,5,2015-04-02,2017-09-04,886,117,0,0,Core Loyal Customers
JD-15895,7610.864,1050.2668,0.075,150,11,2014-03-26,2016-12-01,981,394,1,2,High-Value Customers (VIPs)
JD-16015,385.43,26.7605,0.3090909090909091,39,6,2014-10-04,2017-09-09,1071,112,0,0,Core Loyal Customers
JD-16060,695.442,111.1141,0.0499999999999999,17,3,2014-09-24,2017-03-05,893,300,1,0,Core Loyal Customers
JD-16150,8828.0305,1619.5199,0.0558823529411764,60,8,2014-11-16,2017-11-19,1099,41,0,2,High-Value Customers (VIPs)
JE-15475,1388.682,276.2197,0.1846153846153846,49,6,2015-03-16,2017-06-20,827,193,1,0,Core Loyal Customers
JE-15610,7754.976,1623.4019,0.16,74,7,2014-10-14,2017-11-12,1125,48,0,2,High-Value Customers (VIPs)
JE-15715,8697.842999999999,1262.2926,0.3227272727272727,97,10,2014-08-25,2017-11-14,1177,46,0,2,High-Value Customers (VIPs)
JE-15745,6760.8150000000005,221.7967,0.1456521739130434,90,13,2014-06-22,2017-11-09,1236,51,0,3,Active Growing Customers
JE-16165,2697.248,789.6476,0.0285714285714285,34,3,2016-12-05,2017-12-10,370,20,0,0,Core Loyal Customers
JF-15190,2279.586,575.1259,0.1210526315789473,72,7,2014-11-15,2017-10-26,1076,65,0,3,Active Growing Customers
JF-15295,955.124,97.289,0.1142857142857143,42,5,2014-03-14,2017-05-19,1162,225,1,0,Core Loyal Customers
JF-15355,1911.844,330.199,0.075,58,6,2015-10-23,2017-09-16,694,105,0,0,Core Loyal Customers
JF-15415,2371.448,635.6376,0.0714285714285714,69,6,2014-06-17,2017-12-28,1290,2,0,3,Active Growing Customers
JF-15490,1082.918,-18.06730000000001,0.1466666666666666,36,11,2014-10-19,2017-08-31,1047,121,0,3,Active Growing Customers
JF-15565,4198.332,1073.2088,0.175,67,8,2014-10-11,2017-11-06,1122,54,0,3,Active Growing Customers
JG-15115,2358.676,684.1911,0.2428571428571428,20,3,2014-09-21,2015-12-03,438,758,1,1,Lost or At-Risk Customers
JG-15160,6366.392,1415.6664,0.1111111111111111,70,11,2014-05-30,2017-12-29,1309,1,0,3,Active Growing Customers
JG-15310,2240.58,3.7976000000000063,0.2545454545454545,46,6,2016-03-03,2017-12-28,665,2,0,0,Core Loyal Customers
JG-15805,1507.018,206.1019,0.0666666666666666,46,6,2014-04-05,2017-05-21,1142,223,1,0,Core Loyal Customers
JH-15430,309.281,-24.077100000000005,0.3142857142857143,29,4,2014-02-24,2017-12-25,1400,5,0,0,Core Loyal Customers
JH-15820,528.91,26.0822,0.15,29,6,2014-05-19,2017-07-09,1147,174,0,0,Core Loyal Customers
JH-15910,959.477,-13.554499999999996,0.1444444444444444,35,7,2015-06-12,2017-11-19,891,41,0,0,Core Loyal Customers
JH-15985,7954.998,-644.6982,0.0857142857142857,64,6,2014-08-09,2017-12-01,1210,29,0,3,Active Growing Customers
JH-16180,2256.394,-96.95300000000002,0.22,28,4,2015-05-25,2016-11-21,546,404,1,1,Lost or At-Risk Customers
JJ-15445,709.178,200.5558,0.0666666666666666,25,5,2015-03-05,2016-09-03,548,483,1,1,Lost or At-Risk Customers
JJ-15760,195.0,34.449200000000005,0.0666666666666666,11,2,2015-10-05,2015-12-08,64,753,1,1,Lost or At-Risk Customers
JK-15205,4427.142,1219.983,0.1307692307692307,67,5,2014-07-11,2017-10-30,1207,61,0,3,Active Growing Customers
JK-15325,383.812,55.32769999999999,0.1,15,3,2014-11-21,2017-03-18,848,287,1,1,Lost or At-Risk Customers
JK-15370,2709.632,330.2838,0.1235294117647058,72,8,2014-04-11,2017-11-16,1315,44,0,3,Active Growing Customers
JK-15625,3760.028,750.9485,0.1166666666666666,44,7,2014-05-31,2017-10-30,1248,61,0,3,Active Growing Customers
JK-15640,4760.434,1172.5303,0.1,41,9,2014-09-19,2017-07-03,1018,180,0,3,Active Growing Customers
JK-15730,4867.2,55.0483,0.3325,88,10,2014-11-18,2017-10-07,1054,84,0,3,Active Growing Customers
JK-16090,3747.668,586.6625,0.1999999999999999,43,3,2015-04-21,2017-12-02,956,28,0,0,Core Loyal Customers
JK-16120,2932.484,122.6566,0.2058823529411764,49,10,2014-11-02,2017-09-04,1037,117,0,3,Active Growing Customers
JL-15130,1214.956,-207.7956,0.2666666666666666,42,6,2014-07-18,2017-12-22,1253,8,0,0,Core Loyal Customers
JL-15175,1571.523,209.2817,0.2142857142857142,29,5,2014-12-31,2017-12-24,1089,6,0,0,Core Loyal Customers
JL-15235,2203.7,54.51740000000002,0.22,39,5,2014-05-25,2017-09-02,1196,119,0,0,Core Loyal Customers
JL-15505,3173.874,591.7163,0.0705882352941176,56,6,2014-11-14,2017-11-11,1093,49,0,3,Active Growing Customers
JL-15835,9799.923,228.907,0.088235294117647,143,11,2014-04-18,2017-12-09,1331,21,0,2,High-Value Customers (VIPs)
JL-15850,2725.256,779.9046,0.2363636363636363,38,6,2014-07-22,2016-04-25,643,614,1,1,Lost or At-Risk Customers
JM-15250,3159.1220000000003,19.82350000000004,0.2894736842105263,91,6,2016-03-29,2017-11-23,604,37,0,3,Active Growing Customers
JM-15265,1804.146,502.6143,0.1384615384615384,52,5,2014-08-25,2017-11-23,1186,37,0,0,Core Loyal Customers
JM-15535,1733.443,356.5395,0.09,46,7,2014-09-13,2017-09-19,1102,102,0,0,Core Loyal Customers
JM-15580,303.948,113.1204,0.1142857142857143,26,5,2016-04-14,2017-12-30,625,0,0,0,Core Loyal Customers
JM-15655,864.947,117.204,0.1583333333333333,41,5,2014-04-08,2017-12-22,1354,8,0,0,Core Loyal Customers
JM-15865,7625.076000000001,1574.6164,0.1846153846153846,50,7,2014-11-19,2017-09-12,1028,109,0,2,High-Value Customers (VIPs)
JM-16195,2833.9260000000004,754.1144,0.0631578947368421,74,10,2014-04-30,2017-11-03,1283,57,0,3,Active Growing Customers
JO-15145,3254.949,581.4045,0.073076923076923,59,9,2014-01-06,2017-11-03,1397,57,0,3,Active Growing Customers
JO-15280,1934.272,202.1362,0.1727272727272727,36,6,2014-03-31,2017-09-29,1278,92,0,0,Core Loyal Customers
JO-15550,1090.838,167.6709,0.2363636363636363,42,5,2015-03-19,2017-05-29,802,215,1,0,Core Loyal Customers
JP-15460,1669.135,429.7465,0.14,54,7,2014-08-24,2017-11-23,1187,37,0,3,Active Growing Customers
JP-15520,3635.594,757.1802,0.059375,63,7,2014-08-22,2017-12-22,1218,8,0,3,Active Growing Customers
JP-16135,1707.71,309.7116,0.1538461538461538,47,9,2014-09-23,2017-09-19,1092,102,0,3,Active Growing Customers
JR-15670,1156.658,-785.1645,0.3,14,2,2015-12-24,2016-05-16,144,593,1,1,Lost or At-Risk Customers
JR-15700,863.88,107.985,0.2,3,1,2017-10-23,2017-10-23,0,68,0,1,Lost or At-Risk Customers
JR-16210,2201.686,452.3730000000001,0.22,41,5,2015-09-18,2017-11-27,801,33,0,0,Core Loyal Customers
JS-15595,1417.654,-175.54899999999998,0.3125,35,4,2014-03-03,2017-09-02,1279,119,0,0,Core Loyal Customers
JS-15685,1131.064,-54.8692,0.209090909090909,42,4,2016-06-14,2017-11-18,522,42,0,0,Core Loyal Customers
JS-15880,3868.02,564.9798000000001,0.1466666666666666,43,5,2014-04-08,2016-07-14,828,534,1,1,Lost or At-Risk Customers
JS-15940,469.169,-327.9336,0.3375,37,5,2014-05-03,2016-09-23,874,463,1,1,Lost or At-Risk Customers
JS-16030,2516.494,-311.25749999999994,0.1833333333333333,70,6,2014-02-27,2017-12-02,1374,28,0,3,Active Growing Customers
JW-15220,7721.714,2173.7094,0.0714285714285714,66,6,2015-04-30,2017-11-18,933,42,0,2,High-Value Customers (VIPs)
JW-15955,1244.086,-29.575899999999987,0.0818181818181818,41,7,2015-08-16,2017-12-25,862,5,0,0,Core Loyal Customers
JW-16075,1428.731,154.06369999999998,0.3285714285714285,38,4,2015-03-21,2016-09-25,554,461,1,1,Lost or At-Risk Customers
KA-16525,1519.506,234.9194,0.0545454545454545,57,7,2014-03-11,2017-11-24,1354,36,0,3,Active Growing Customers
KB-16240,3152.615,763.9076,0.15,34,7,2014-03-31,2017-12-26,1366,4,0,0,Core Loyal Customers
KB-16315,1569.464,49.71929999999999,0.1954545454545454,62,9,2014-08-26,2017-03-09,926,296,1,3,Active Growing Customers
KB-16405,908.821,274.297,0.0444444444444444,25,3,2015-11-20,2017-09-04,654,117,0,0,Core Loyal Customers
KB-16585,2744.742,579.3551,0.108695652173913,102,12,2014-04-04,2017-05-14,1136,230,1,3,Active Growing Customers
KB-16600,983.922,293.55240000000003,0.2666666666666667,29,7,2014-12-30,2017-12-29,1095,1,0,0,Core Loyal Customers
KC-16255,2120.954,846.1217,0.02,40,6,2014-09-08,2016-11-18,802,407,1,1,Lost or At-Risk Customers
KC-16540,3908.262,709.4219,0.2,28,4,2015-11-02,2017-09-24,692,97,0,0,Core Loyal Customers
KC-16675,1146.05,156.7797,0.0857142857142857,40,4,2014-12-13,2017-11-03,1056,57,0,0,Core Loyal Customers
KD-16270,8282.358,1107.6952000000003,0.1875,64,5,2014-11-11,2016-09-02,661,484,1,2,High-Value Customers (VIPs)
KD-16345,1888.964,328.5942,0.13,36,6,2014-09-02,2017-11-19,1174,41,0,0,Core Loyal Customers
KD-16495,8181.256,3038.6254,0.0875,84,12,2014-09-28,2017-09-09,1077,112,0,2,High-Value Customers (VIPs)
KD-16615,2243.51,539.7219,0.1076923076923077,56,5,2015-09-13,2017-03-16,550,289,1,1,Lost or At-Risk Customers
KE-16420,1686.7312,397.8799,0.2146666666666666,67,8,2014-04-03,2017-12-04,1341,26,0,3,Active Growing Customers
KF-16285,10604.266,1660.1386,0.0333333333333333,67,7,2014-09-26,2017-09-24,1094,97,0,2,High-Value Customers (VIPs)
KH-16330,3312.864,454.7871,0.1388888888888889,70,8,2014-04-01,2017-11-20,1329,40,0,3,Active Growing Customers
KH-16360,3100.612,528.2051,0.15,40,6,2014-04-29,2017-12-29,1340,1,0,0,Core Loyal Customers
KH-16510,5952.859,656.1162,0.108695652173913,91,7,2014-08-15,2017-12-08,1211,22,0,3,Active Growing Customers
KH-16630,3918.966,727.3786,0.1058823529411764,84,9,2014-11-01,2017-11-02,1097,58,0,3,Active Growing Customers
KH-16690,5990.799,1227.5091,0.1266666666666666,69,7,2014-03-21,2017-12-28,1378,2,0,3,Active Growing Customers
KL-16555,5016.488,-182.7813,0.2954545454545454,84,8,2014-06-15,2017-12-14,1278,16,0,3,Active Growing Customers
KL-16645,14175.229,806.855,0.1999999999999999,113,12,2014-07-25,2017-11-13,1207,47,0,2,High-Value Customers (VIPs)
KM-16225,2260.958,635.1057000000001,0.0210526315789473,72,6,2015-07-06,2017-12-16,894,14,0,3,Active Growing Customers
KM-16375,5620.186,973.7902,0.1399999999999999,69,8,2014-07-20,2017-11-04,1203,56,0,3,Active Growing Customers
KM-16660,453.538,91.1391,0.0444444444444444,30,5,2014-12-22,2017-12-15,1089,15,0,0,Core Loyal Customers
KM-16720,4909.472,745.7685,0.0892857142857142,98,8,2014-03-30,2017-12-02,1343,28,0,3,Active Growing Customers
KN-16390,2617.272,-151.1518,0.2176470588235294,56,9,2014-12-02,2017-12-11,1105,19,0,3,Active Growing Customers
KN-16450,2171.962,114.3083,0.28125,49,5,2014-04-12,2017-11-08,1306,52,0,0,Core Loyal Customers
KN-16705,2280.58,329.76250000000005,0.12,55,8,2014-03-02,2017-09-23,1301,98,0,3,Active Growing Customers
KS-16300,88.472,0.1109999999999988,0.275,10,3,2015-01-13,2017-03-10,787,295,1,1,Lost or At-Risk Customers
KT-16465,3057.1,254.0032,0.2285714285714286,45,7,2014-09-08,2016-12-04,818,391,1,0,Core Loyal Customers
KT-16480,4642.088400000001,194.0671,0.1476923076923076,37,10,2014-03-10,2017-09-21,1291,100,0,3,Active Growing Customers
KW-16435,4416.52,1756.135,0.11,42,5,2015-08-24,2017-09-25,763,96,0,0,Core Loyal Customers
KW-16570,449.096,107.927,0.04,22,4,2014-09-30,2015-11-20,416,771,1,1,Lost or At-Risk Customers
LA-16780,8673.222,2059.1199,0.1153846153846153,105,11,2014-04-29,2017-07-29,1187,154,0,2,High-Value Customers (VIPs)
LB-16735,50.188,18.6507,0.2666666666666666,12,3,2016-07-25,2017-11-12,475,48,0,0,Core Loyal Customers
LB-16795,4985.676,-52.19099999999998,0.2375,76,8,2014-04-23,2017-07-31,1195,152,0,3,Active Growing Customers
LC-16870,2580.704,-188.25110000000004,0.24,113,8,2015-05-03,2017-12-03,945,27,0,3,Active Growing Customers
LC-16885,7663.126,1288.3469,0.1565217391304348,93,12,2014-04-25,2017-12-14,1329,16,0,2,High-Value Customers (VIPs)
LC-16930,4492.946,288.266,0.1714285714285714,52,8,2014-02-20,2017-11-19,1368,41,0,3,Active Growing Customers
LC-16960,3246.626,299.4802,0.2857142857142857,30,4,2015-02-23,2016-10-20,605,436,1,1,Lost or At-Risk Customers
LC-17050,2095.064,86.77799999999999,0.2722222222222222,43,5,2014-01-31,2017-11-06,1375,54,0,0,Core Loyal Customers
LC-17140,2633.582,231.12520000000004,0.1842105263157894,62,9,2014-09-09,2017-12-17,1195,13,0,3,Active Growing Customers
LD-16855,5.304,0.4641,0.2,3,1,2016-06-26,2016-06-26,0,552,1,1,Lost or At-Risk Customers
LD-17005,1961.934,557.1714,0.0285714285714285,25,4,2014-09-29,2016-11-11,774,414,1,1,Lost or At-Risk Customers
LE-16810,1469.45,161.76489999999998,0.2555555555555556,32,6,2014-05-27,2017-12-09,1292,21,0,0,Core Loyal Customers
LF-17185,3930.509,-3583.977,0.31875,69,7,2014-07-26,2017-12-08,1231,22,0,3,Active Growing Customers
LH-16750,287.426,12.6277,0.3666666666666667,12,3,2014-09-21,2017-08-01,1045,151,0,0,Core Loyal Customers
LH-16900,2295.332,526.0727,0.1266666666666666,64,9,2014-08-19,2017-12-09,1208,21,0,3,Active Growing Customers
LH-17020,318.239,-242.7399,0.4666666666666666,34,4,2014-09-08,2017-05-05,970,239,1,0,Core Loyal Customers
LH-17155,1739.689,316.5202,0.0789473684210526,44,9,2014-12-12,2016-12-10,729,385,1,0,Core Loyal Customers
LL-16840,2741.204,560.0078,0.0166666666666666,50,6,2014-04-29,2017-04-25,1092,249,1,0,Core Loyal Customers
LM-17065,1346.774,-44.87799999999999,0.0571428571428571,32,5,2014-06-27,2016-12-04,891,391,1,1,Lost or At-Risk Customers
LO-17170,644.35,150.1712,0.2555555555555555,34,5,2015-02-06,2017-12-28,1056,2,0,0,Core Loyal Customers
LP-17080,756.606,110.7813,0.1111111111111111,39,4,2014-06-24,2017-11-20,1245,40,0,0,Core Loyal Customers
LP-17095,3653.399,338.44539999999995,0.1866666666666666,52,7,2016-06-06,2017-12-21,563,9,0,0,Core Loyal Customers
LR-16915,5142.892,535.4764,0.175,64,6,2014-08-08,2017-12-04,1214,26,0,3,Active Growing Customers
LR-17035,1879.306,-382.8079,0.2749999999999999,44,5,2014-09-07,2017-08-20,1078,132,0,0,Core Loyal Customers
LS-16945,2845.27,-318.7737,0.3071428571428571,51,6,2015-04-25,2017-07-05,802,178,0,0,Core Loyal Customers
LS-16975,2988.674,262.6367,0.2818181818181818,63,9,2014-10-20,2017-12-10,1147,20,0,3,Active Growing Customers
LS-17200,1010.256,244.197,0.2,54,6,2014-10-18,2017-09-25,1073,96,0,0,Core Loyal Customers
LS-17230,368.88000000000005,39.1952,0.1166666666666666,16,3,2014-01-06,2015-11-14,677,777,1,1,Lost or At-Risk Customers
LS-17245,1008.136,348.3584,0.0833333333333333,47,6,2014-10-16,2017-11-26,1137,34,0,0,Core Loyal Customers
LT-16765,329.876,59.036,0.1333333333333333,8,3,2014-09-01,2017-12-04,1190,26,0,0,Core Loyal Customers
LT-17110,2936.252,320.973,0.2464285714285714,63,8,2014-06-01,2017-11-26,1274,34,0,3,Active Growing Customers
LW-16825,2238.061,32.5767,0.2066666666666666,50,5,2014-05-30,2017-10-03,1222,88,0,0,Core Loyal Customers
LW-16990,3230.308,662.8339000000001,0.1090909090909091,38,6,2016-05-05,2017-11-27,571,33,0,0,Core Loyal Customers
LW-17125,1259.04,192.6312,0.0,15,3,2014-09-11,2017-06-08,1001,205,1,0,Core Loyal Customers
LW-17215,5420.514,837.2411,0.1666666666666666,59,7,2014-09-12,2017-12-09,1184,21,0,3,Active Growing Customers
MA-17560,4299.161,1240.2266,0.0941176470588235,117,11,2014-08-08,2017-10-27,1176,64,0,3,Active Growing Customers
MA-17995,2453.284,280.7822,0.0416666666666666,42,6,2014-09-20,2017-06-27,1011,186,1,0,Core Loyal Customers
MB-17305,1548.702,212.425,0.1736842105263157,63,10,2014-08-08,2017-11-12,1192,48,0,3,Active Growing Customers
MB-18085,1428.231,117.8057,0.2,39,7,2014-01-05,2017-11-16,1411,44,0,0,Core Loyal Customers
MC-17275,2725.982,461.0014,0.1307692307692307,54,8,2014-09-08,2017-10-15,1133,76,0,3,Active Growing Customers
MC-17425,4432.138,1802.3903,0.12,48,5,2014-05-30,2016-11-26,911,399,1,0,Core Loyal Customers
MC-17575,1303.893,210.7493,0.2909090909090909,40,8,2014-12-02,2017-12-03,1097,27,0,0,Core Loyal Customers
MC-17590,2426.067,288.9841,0.1705882352941176,47,6,2014-05-20,2017-11-09,1269,51,0,0,Core Loyal Customers
MC-17605,2258.192,195.4486,0.2222222222222222,60,8,2014-03-19,2017-09-09,1270,112,0,3,Active Growing Customers
MC-17635,795.154,-247.94350000000003,0.175,33,4,2014-11-28,2017-06-24,939,189,1,0,Core Loyal Customers
MC-17845,3805.714,698.4174,0.0999999999999999,45,7,2014-07-05,2017-12-29,1273,1,0,3,Active Growing Customers
MC-18100,2218.98,-64.1668,0.2684210526315789,73,10,2014-06-18,2017-11-19,1250,41,0,3,Active Growing Customers
MC-18130,1581.9979999999998,121.7565,0.0545454545454545,34,5,2014-09-19,2016-12-26,829,369,1,1,Lost or At-Risk Customers
MD-17350,3766.382,-241.95,0.3294117647058823,64,7,2014-11-05,2017-09-04,1034,117,0,3,Active Growing Customers
MD-17860,1204.91,-4.040300000000002,0.2875,45,5,2014-12-02,2017-11-24,1088,36,0,0,Core Loyal Customers
ME-17320,10663.728,1859.4695,0.1318181818181818,82,10,2014-01-06,2017-11-18,1412,42,0,2,High-Value Customers (VIPs)
ME-17725,1908.4532,77.81280000000001,0.2246153846153846,46,8,2014-07-12,2017-12-02,1239,28,0,3,Active Growing Customers
ME-18010,1256.944,107.3604,0.1666666666666666,15,4,2014-07-21,2017-09-29,1166,92,0,0,Core Loyal Customers
MF-17665,937.039,-341.52650000000006,0.1374999999999999,36,5,2014-12-30,2016-11-04,675,421,1,1,Lost or At-Risk Customers
MF-18250,1758.3,456.8608,0.0666666666666666,38,5,2014-09-15,2017-12-23,1195,7,0,0,Core Loyal Customers
MG-17650,3785.276,341.898,0.1285714285714286,57,7,2014-08-09,2017-12-01,1210,29,0,3,Active Growing Customers
MG-17680,2350.188,25.88859999999997,0.225,25,4,2014-10-22,2017-09-29,1073,92,0,0,Core Loyal Customers
MG-17695,1342.282,-398.7932,0.2571428571428572,23,3,2014-12-26,2016-06-23,545,555,1,1,Lost or At-Risk Customers
MG-17875,1242.833,-470.7684,0.2428571428571428,23,5,2014-02-23,2017-09-05,1290,116,0,0,Core Loyal Customers
MG-17890,776.384,171.7372,0.1192307692307692,35,9,2014-12-29,2017-09-22,998,99,0,0,Core Loyal Customers
MG-18145,3061.543,-93.603,0.1875,42,4,2014-03-29,2017-10-07,1288,84,0,0,Core Loyal Customers
MG-18205,16.739,-1.2453,0.4499999999999999,8,1,2017-04-10,2017-04-10,0,264,1,1,Lost or At-Risk Customers
MH-17290,2394.025,28.76120000000004,0.1884615384615384,55,6,2014-04-26,2017-09-02,1225,119,0,0,Core Loyal Customers
MH-17440,400.016,61.4286,0.0777777777777777,25,4,2014-02-04,2016-12-19,1049,376,1,0,Core Loyal Customers
MH-17455,2456.182,484.77330000000006,0.1636363636363636,45,8,2014-07-11,2017-10-06,1183,85,0,3,Active Growing Customers
MH-17620,1252.8,122.3612,0.2333333333333333,19,4,2015-12-05,2017-07-28,601,155,0,0,Core Loyal Customers
MH-17785,2203.778,238.5614,0.0727272727272727,42,7,2014-05-27,2017-09-23,1215,98,0,0,Core Loyal Customers
MH-18025,2984.948,476.9032,0.13,31,5,2014-07-08,2017-11-11,1222,49,0,0,Core Loyal Customers
MH-18115,5503.093,170.9746,0.1681818181818181,79,9,2016-08-23,2017-12-25,489,5,0,3,Active Growing Customers
MJ-17740,6320.746,1054.5529,0.2133333333333333,50,7,2015-06-09,2017-12-08,913,22,0,3,Active Growing Customers
MK-17905,2302.368,-405.3559,0.3,73,8,2014-11-18,2017-12-02,1110,28,0,3,Active Growing Customers
MK-18160,1031.602,227.8338,0.0818181818181818,43,4,2014-12-19,2017-05-04,867,240,1,0,Core Loyal Customers
ML-17395,2722.843,684.9162,0.1725,72,9,2014-02-14,2017-10-22,1346,69,0,3,Active Growing Customers
ML-17410,2921.5,-76.17550000000003,0.1666666666666666,51,6,2014-11-14,2017-11-06,1088,54,0,0,Core Loyal Customers
ML-17755,2071.914,409.5112,0.1076923076923077,53,7,2016-08-04,2017-12-01,484,29,0,0,Core Loyal Customers
ML-18040,742.082,138.7162,0.25,18,3,2017-03-26,2017-10-12,200,79,0,1,Lost or At-Risk Customers
ML-18265,162.232,42.6648,0.0666666666666666,7,2,2015-05-31,2017-09-21,844,100,0,0,Core Loyal Customers
MM-17260,1314.023,178.402,0.1333333333333333,17,4,2014-05-28,2017-07-15,1144,168,0,0,Core Loyal Customers
MM-17920,3794.08,82.12499999999997,0.18125,68,11,2014-01-13,2017-12-23,1440,7,0,3,Active Growing Customers
MM-18055,2749.881,-520.3443,0.2105263157894736,73,8,2014-04-11,2017-10-30,1298,61,0,3,Active Growing Customers
MM-18280,775.414,58.8916,0.1416666666666666,32,9,2014-01-20,2017-10-06,1355,85,0,0,Core Loyal Customers
MN-17935,2477.946,290.8227,0.26,36,6,2014-02-16,2017-11-26,1379,34,0,0,Core Loyal Customers
MO-17500,922.487,59.3577,0.22,15,4,2014-11-28,2017-10-19,1056,72,0,0,Core Loyal Customers
MO-17800,1687.0269999999998,169.34369999999998,0.1636363636363636,49,8,2015-09-17,2017-09-17,731,104,0,0,Core Loyal Customers
MO-17950,154.288,-82.0074,0.35,14,2,2015-04-02,2017-07-03,823,180,0,0,Core Loyal Customers
MP-17470,3206.132,600.2873,0.1214285714285714,77,7,2014-03-30,2016-01-11,652,719,1,1,Lost or At-Risk Customers
MP-17965,3983.642,638.1563,0.255,62,9,2015-04-18,2017-10-19,915,72,0,3,Active Growing Customers
MP-18175,5087.92,226.4529,0.1552631578947368,78,9,2014-03-28,2017-12-14,1357,16,0,3,Active Growing Customers
MR-17545,639.178,162.9363,0.2,29,4,2014-09-03,2017-08-27,1089,125,0,0,Core Loyal Customers
MS-17365,7443.69,844.9354999999998,0.1604166666666666,105,10,2014-09-09,2017-04-01,935,273,1,2,High-Value Customers (VIPs)
MS-17530,475.656,84.0268,0.1571428571428571,21,4,2014-11-04,2016-10-22,718,434,1,1,Lost or At-Risk Customers
MS-17710,1613.402,247.4348,0.22,48,6,2014-03-24,2016-11-12,964,413,1,0,Core Loyal Customers
MS-17770,3144.678,280.8584,0.0999999999999999,73,9,2014-07-04,2017-08-31,1154,121,0,3,Active Growing Customers
MS-17830,370.348,19.4312,0.18,14,4,2014-01-09,2016-10-04,999,452,1,1,Lost or At-Risk Customers
MS-17980,855.116,55.226,0.1727272727272727,49,6,2014-06-30,2017-12-04,1253,26,0,0,Core Loyal Customers
MT-17815,2890.139,509.0068,0.1299999999999999,31,6,2015-11-06,2017-11-11,736,49,0,0,Core Loyal Customers
MT-18070,1319.4498,-23.676300000000005,0.2427272727272727,44,4,2014-09-25,2017-06-10,989,203,1,0,Core Loyal Customers
MV-17485,1560.05,189.0258,0.24,52,9,2014-01-20,2017-12-03,1413,27,0,3,Active Growing Customers
MV-18190,1734.574,273.8582,0.0863636363636363,37,7,2014-01-30,2017-12-11,1411,19,0,0,Core Loyal Customers
MW-18220,5341.900000000001,1238.422,0.0785714285714285,51,7,2014-08-25,2017-12-13,1206,17,0,3,Active Growing Customers
MW-18235,5253.876,1665.516,0.0666666666666666,13,2,2014-05-21,2017-11-16,1275,44,0,0,Core Loyal Customers
MY-17380,2254.285,319.1211,0.3076923076923077,49,7,2015-10-26,2017-12-01,767,29,0,0,Core Loyal Customers
MY-18295,4152.696,-371.7111,0.2438095238095238,89,11,2014-04-28,2017-10-20,1271,71,0,3,Active Growing Customers
MZ-17335,593.606,85.01910000000001,0.0666666666666666,11,4,2015-11-08,2017-11-30,753,30,0,0,Core Loyal Customers
MZ-17515,2564.906,787.7503,0.2799999999999999,39,6,2014-04-04,2017-03-23,1084,282,1,0,Core Loyal Customers
NB-18580,273.872,24.7888,0.1,7,2,2014-09-26,2014-10-22,26,1165,1,1,Lost or At-Risk Customers
NB-18655,1972.599,117.6429,0.1735294117647059,64,9,2014-12-05,2017-12-11,1102,19,0,3,Active Growing Customers
NC-18340,2461.404,580.3075,0.0411764705882353,54,5,2014-03-30,2017-05-20,1147,224,1,0,Core Loyal Customers
NC-18415,2218.99,-2204.8072,0.2642857142857143,38,6,2014-05-03,2017-11-19,1296,41,0,0,Core Loyal Customers
NC-18535,8241.739,1314.758,0.1366666666666666,64,7,2014-07-23,2017-12-24,1250,6,0,2,High-Value Customers (VIPs)
NC-18625,1821.742,-359.021,0.2444444444444444,29,5,2014-10-29,2017-06-09,954,204,1,0,Core Loyal Customers
ND-18370,4326.139,353.6455,0.2111111111111111,63,9,2014-01-13,2017-12-03,1420,27,0,3,Active Growing Customers
ND-18460,2893.455,443.3368,0.0875,36,6,2014-02-06,2017-06-30,1240,183,1,0,Core Loyal Customers
NF-18385,8322.826,-1695.9714,0.25,52,7,2014-02-11,2017-10-12,1339,79,0,3,Active Growing Customers
NF-18475,377.162,85.92779999999999,0.25,13,4,2014-03-14,2016-07-23,862,525,1,1,Lost or At-Risk Customers
NF-18595,2031.472,388.2131,0.1166666666666666,55,7,2014-04-19,2017-09-07,1237,114,0,3,Active Growing Customers
NG-18355,1869.58,313.6335,0.0875,45,5,2014-11-24,2017-11-12,1084,48,0,0,Core Loyal Customers
NG-18430,1395.938,217.0893,0.1111111111111111,41,5,2014-11-24,2017-11-12,1084,48,0,0,Core Loyal Customers
NH-18610,2673.29,760.1666,0.0545454545454545,52,7,2014-03-02,2017-06-24,1210,189,1,3,Active Growing Customers
NK-18490,572.048,121.2177,0.1272727272727273,51,7,2015-05-28,2017-10-21,877,70,0,0,Core Loyal Customers
NL-18310,1418.09,343.6381,0.06,44,4,2014-10-31,2017-11-02,1098,58,0,0,Core Loyal Customers
NM-18445,6459.344,2751.6849,0.0428571428571428,44,7,2014-02-08,2017-07-23,1261,160,0,2,High-Value Customers (VIPs)
NM-18520,2161.979,788.9525000000001,0.26,60,10,2015-09-08,2017-04-30,600,244,1,3,Active Growing Customers
NP-18325,5529.62,1208.889,0.0571428571428571,77,6,2014-05-13,2017-12-05,1302,25,0,3,Active Growing Customers
NP-18670,3908.402,514.6002,0.02,46,5,2015-02-27,2017-11-02,979,58,0,0,Core Loyal Customers
NP-18685,1228.698,514.5017,0.1857142857142857,23,6,2014-03-07,2016-11-19,988,406,1,0,Core Loyal Customers
NP-18700,7903.1825,631.2282,0.1961538461538461,63,7,2014-09-05,2017-08-14,1074,138,0,3,Active Growing Customers
NR-18550,2367.277,-25.14879999999997,0.223076923076923,37,5,2014-06-07,2017-06-03,1092,210,1,0,Core Loyal Customers
NS-18505,2575.863,-12.303999999999997,0.2066666666666666,52,4,2016-11-24,2017-12-24,395,6,0,0,Core Loyal Customers
NS-18640,2964.823,-234.7714,0.2153846153846153,113,13,2014-06-25,2017-07-09,1110,174,0,3,Active Growing Customers
NW-18400,7234.014,1023.123,0.2136363636363636,78,7,2014-06-21,2017-07-11,1116,172,0,3,Active Growing Customers
NZ-18565,2488.31,402.4236,0.175,77,9,2014-08-02,2017-10-06,1161,85,0,3,Active Growing Customers
ON-18715,1567.52,-5.88900000000001,0.16,58,9,2014-09-13,2016-11-15,794,410,1,3,Active Growing Customers
OT-18730,3818.624,-925.1203,0.1599999999999999,51,5,2015-04-20,2017-10-26,920,65,0,0,Core Loyal Customers
PA-19060,729.408,225.8588,0.1857142857142857,27,6,2014-05-17,2017-09-18,1220,103,0,0,Core Loyal Customers
PB-18805,740.356,229.2257,0.12,54,3,2015-11-20,2017-12-05,746,25,0,0,Core Loyal Customers
PB-19105,688.324,218.1597,0.12,18,4,2014-11-15,2017-11-03,1084,57,0,0,Core Loyal Customers
PB-19150,1456.95,280.6606,0.1272727272727273,54,8,2014-07-14,2017-09-24,1168,97,0,3,Active Growing Customers
PB-19210,132.738,21.897,0.1,10,2,2014-11-23,2016-02-11,445,688,1,1,Lost or At-Risk Customers
PC-18745,1832.064,272.685,0.22,22,4,2014-12-31,2017-12-28,1093,2,0,0,Core Loyal Customers
PC-19000,1061.488,-184.3364,0.1333333333333333,18,2,2014-04-08,2015-08-01,480,882,1,1,Lost or At-Risk Customers
PF-19120,9062.864,-614.2943000000001,0.1210526315789473,75,4,2014-05-05,2015-09-17,500,835,1,1,Lost or At-Risk Customers
PF-19165,2770.0,196.8739,0.05,34,6,2014-09-20,2017-06-17,1001,196,1,0,Core Loyal Customers
PF-19225,2206.128,591.3118000000001,0.06,32,5,2016-06-26,2017-09-07,438,114,0,0,Core Loyal Customers
PG-18820,3086.907,137.46130000000002,0.1692307692307692,83,13,2014-05-09,2017-11-24,1295,36,0,3,Active Growing Customers
PG-18895,1987.164,334.5163,0.0941176470588235,61,9,2014-05-11,2017-11-03,1272,57,0,3,Active Growing Customers
PH-18790,729.648,47.8878,0.2,6,1,2017-10-21,2017-10-21,0,70,0,1,Lost or At-Risk Customers
PJ-18835,1220.09,442.1355,0.0769230769230769,46,8,2014-05-28,2017-11-21,1273,39,0,3,Active Growing Customers
PJ-19015,1824.234,682.9979000000001,0.08,25,7,2014-04-07,2017-08-18,1229,134,0,0,Core Loyal Customers
PK-18910,1441.152,-798.705,0.3666666666666667,14,2,2014-04-04,2016-09-03,883,483,1,1,Lost or At-Risk Customers
PK-19075,8646.934,2038.2676,0.076,107,12,2014-11-11,2017-12-21,1136,9,0,2,High-Value Customers (VIPs)
PL-18925,239.481,-0.7527000000000026,0.25,29,5,2014-11-01,2017-12-15,1140,15,0,0,Core Loyal Customers
PM-18940,1405.402,157.8768,0.15,16,3,2014-05-04,2016-12-09,950,386,1,1,Lost or At-Risk Customers
PM-19135,4115.662,526.7537,0.1285714285714286,36,4,2015-12-19,2017-11-09,691,51,0,0,Core Loyal Customers
PN-18775,1467.152,192.0396,0.123076923076923,47,8,2015-08-07,2017-11-30,846,30,0,0,Core Loyal Customers
PO-18850,7473.8282,38.47569999999996,0.21,91,11,2014-11-02,2017-12-26,1150,4,0,3,Active Growing Customers
PO-18865,2493.214,437.8533,0.0461538461538461,54,7,2014-03-23,2017-12-30,1378,0,0,3,Active Growing Customers
PO-19180,4893.043,1155.4331,0.1055555555555555,65,9,2015-08-11,2017-07-23,712,160,0,3,Active Growing Customers
PO-19195,1056.858,-49.70089999999999,0.19,32,5,2014-01-04,2017-10-05,1370,86,0,0,Core Loyal Customers
PP-18955,7252.608,1495.0854,0.1088235294117647,138,10,2014-08-26,2017-09-24,1125,97,0,2,High-Value Customers (VIPs)
PR-18880,1840.178,247.6226,0.1166666666666666,43,5,2014-09-05,2017-11-24,1176,36,0,0,Core Loyal Customers
PS-18760,2181.479,-134.441,0.2238095238095238,75,6,2014-06-15,2017-09-14,1187,107,0,3,Active Growing Customers
PS-18970,1278.639,198.5099,0.0538461538461538,52,8,2014-04-15,2017-10-22,1286,69,0,3,Active Growing Customers
PS-19045,6843.634,1742.7297,0.0846153846153846,47,7,2014-12-20,2017-05-08,870,236,1,2,High-Value Customers (VIPs)
PT-19090,160.572,-20.0508,0.3714285714285714,19,4,2014-09-12,2017-10-20,1134,71,0,0,Core Loyal Customers
PV-18985,2876.046,434.5284,0.0846153846153846,52,5,2014-07-12,2017-10-02,1178,89,0,0,Core Loyal Customers
PW-19030,3454.916,803.8169,0.0384615384615384,48,10,2014-05-16,2017-11-14,1278,46,0,3,Active Growing Customers
PW-19240,3922.415,1290.354,0.1708333333333333,39,7,2014-11-18,2016-09-22,674,464,1,1,Lost or At-Risk Customers
QJ-19255,6108.338,1203.6768,0.123076923076923,61,9,2014-03-17,2017-12-05,1359,25,0,3,Active Growing Customers
RA-19285,2617.906,546.0882,0.1647058823529412,58,9,2014-12-13,2017-12-25,1108,5,0,3,Active Growing Customers
RA-19885,3832.314,1292.8656,0.04,53,7,2014-04-08,2017-11-17,1319,43,0,3,Active Growing Customers
RA-19915,4793.543,304.8673,0.2795454545454545,75,9,2014-06-30,2017-12-18,1267,12,0,3,Active Growing Customers
RA-19945,1686.9225,-445.695,0.3166666666666666,27,5,2014-08-29,2017-10-30,1158,61,0,0,Core Loyal Customers
RB-19330,1008.196,-164.40619999999998,0.3166666666666667,16,2,2014-11-17,2017-10-23,1071,68,0,0,Core Loyal Customers
RB-19360,15117.339,6976.0959,0.0944444444444444,71,6,2016-04-01,2017-09-25,542,96,0,2,High-Value Customers (VIPs)
RB-19435,2663.086,477.2399,0.1625,66,8,2014-03-11,2017-12-11,1371,19,0,3,Active Growing Customers
RB-19465,4715.466,640.5466,0.1347826086956521,85,12,2014-03-14,2017-12-21,1378,9,0,3,Active Growing Customers
RB-19570,528.546,76.8879,0.1666666666666666,35,5,2016-04-28,2017-12-05,586,25,0,0,Core Loyal Customers
RB-19645,221.084,72.679,0.1428571428571428,29,5,2014-08-23,2016-03-22,577,648,1,1,Lost or At-Risk Customers
RB-19705,2067.45,243.0755,0.1571428571428571,22,4,2015-08-22,2017-11-06,807,54,0,0,Core Loyal Customers
RB-19795,5633.316000000001,-461.7332,0.25,92,8,2014-06-03,2017-11-28,1274,32,0,3,Active Growing Customers
RC-19825,966.409,63.991400000000006,0.11,29,6,2014-12-05,2016-12-26,752,369,1,1,Lost or At-Risk Customers
RC-19960,885.752,10.563300000000002,0.1727272727272727,44,6,2014-08-25,2017-09-11,1113,110,0,0,Core Loyal Customers
RD-19480,4272.93,480.594,0.1066666666666666,60,8,2014-06-08,2017-10-19,1229,72,0,3,Active Growing Customers
RD-19585,2912.894,734.5158,0.031578947368421,73,10,2014-04-02,2017-07-03,1188,180,0,3,Active Growing Customers
RD-19660,2786.632,835.772,0.08,23,5,2015-04-12,2017-09-07,879,114,0,0,Core Loyal Customers
RD-19720,1419.737,207.3304,0.1575,78,10,2014-07-20,2017-12-09,1238,21,0,3,Active Growing Customers
RD-19810,1137.616,318.4625,0.1875,63,8,2014-10-27,2017-12-16,1146,14,0,3,Active Growing Customers
RD-19900,3133.924,455.5292,0.0571428571428571,85,9,2014-04-05,2017-09-07,1251,114,0,3,Active Growing Customers
RD-19930,970.942,35.05740000000001,0.31,33,4,2014-10-03,2017-11-18,1142,42,0,0,Core Loyal Customers
RE-19405,48.36,6.045,0.2,5,1,2014-12-29,2014-12-29,0,1097,1,1,Lost or At-Risk Customers
RE-19450,876.696,209.2294,0.1333333333333333,47,5,2014-06-03,2017-03-03,1004,302,1,0,Core Loyal Customers
RF-19345,3309.15,633.7072000000001,0.1375,67,8,2014-05-20,2016-12-05,930,390,1,3,Active Growing Customers
RF-19735,2341.2960000000003,711.6168,0.0142857142857142,53,7,2014-08-06,2017-10-02,1153,89,0,3,Active Growing Customers
RF-19840,945.222,280.0261,0.0818181818181818,45,8,2014-11-12,2017-12-24,1138,6,0,0,Core Loyal Customers
RH-19495,3621.376,563.7877,0.1,38,5,2014-08-23,2017-11-28,1193,32,0,0,Core Loyal Customers
RH-19510,6979.18,1289.4535,0.0333333333333333,43,6,2014-11-16,2016-09-19,673,467,1,2,High-Value Customers (VIPs)
RH-19555,740.382,0.3057000000000016,0.5333333333333333,11,2,2015-12-04,2016-07-29,238,519,1,1,Lost or At-Risk Customers
RH-19600,2085.74,172.6261,0.109090909090909,43,3,2015-07-02,2016-07-14,378,534,1,1,Lost or At-Risk Customers
RK-19300,1460.192,269.688,0.075,29,3,2015-07-20,2017-09-02,775,119,0,0,Core Loyal Customers
RL-19615,6234.91,488.1484,0.21875,101,8,2014-12-05,2017-08-31,1000,121,0,3,Active Growing Customers
RM-19375,1453.474,392.1499,0.0444444444444444,29,6,2014-05-11,2017-01-19,984,345,1,0,Core Loyal Customers
RM-19675,5979.0960000000005,1902.5438,0.0454545454545454,39,5,2014-11-14,2017-12-24,1136,6,0,2,High-Value Customers (VIPs)
RM-19750,98.35,28.6879,0.0,4,1,2017-03-06,2017-03-06,0,299,1,1,Lost or At-Risk Customers
RO-19780,3815.478,-1262.5716000000002,0.2916666666666667,48,7,2015-05-12,2017-11-25,928,35,0,0,Core Loyal Customers
RP-19270,954.6452,59.5384,0.1933333333333333,47,4,2014-10-19,2016-08-21,672,496,1,1,Lost or At-Risk Customers
RP-19390,5153.084,465.25030000000015,0.148,88,12,2014-05-24,2017-11-27,1283,33,0,3,Active Growing Customers
RP-19855,2170.716,594.5868,0.1333333333333333,61,8,2014-04-05,2017-12-02,1337,28,0,3,Active Growing Customers
RR-19315,615.932,-73.835,0.2749999999999999,7,2,2016-11-14,2017-12-11,392,19,0,1,Lost or At-Risk Customers
RR-19525,3302.262,721.6826,0.06,36,6,2014-09-09,2017-07-13,1038,170,0,0,Core Loyal Customers
RS-19420,3221.29,633.4513999999999,0.0,29,5,2014-08-05,2017-10-15,1167,76,0,0,Core Loyal Customers
RS-19765,4159.77,1206.3851,0.1142857142857143,54,8,2014-04-07,2017-11-24,1327,36,0,3,Active Growing Customers
RS-19870,22.328,9.5838,0.0666666666666666,10,2,2016-06-07,2017-12-11,552,19,0,0,Core Loyal Customers
RW-19540,7397.401,1586.6273,0.1347826086956521,89,7,2015-02-03,2017-09-01,941,120,0,2,High-Value Customers (VIPs)
RW-19630,3279.746,698.8325,0.1375,53,9,2014-06-28,2017-10-02,1192,89,0,3,Active Growing Customers
RW-19690,3495.646,707.5503,0.0733333333333333,61,5,2016-05-30,2017-10-12,500,79,0,0,Core Loyal Customers
SA-20830,4767.3415,610.1496000000001,0.1928571428571428,75,10,2014-02-22,2017-10-28,1344,63,0,3,Active Growing Customers
SB-20170,1348.02,157.6658,0.1857142857142857,24,3,2014-06-06,2017-06-12,1102,201,1,0,Core Loyal Customers
SB-20185,6410.996,885.4623999999999,0.1416666666666667,45,6,2014-09-20,2017-06-25,1009,188,1,3,Active Growing Customers
SB-20290,8057.891,-2082.7451,0.2411764705882352,84,7,2014-05-09,2017-11-13,1284,47,0,3,Active Growing Customers
SC-20020,3362.9636,-317.0508,0.2188235294117647,62,5,2014-03-03,2015-11-10,617,781,1,1,Lost or At-Risk Customers
SC-20050,4624.572,1011.7443,0.1866666666666666,61,9,2014-03-18,2017-11-20,1343,40,0,3,Active Growing Customers
SC-20095,14142.334,5757.411899999999,0.0636363636363636,87,9,2014-02-12,2017-01-15,1068,349,1,2,High-Value Customers (VIPs)
SC-20230,4371.9580000000005,440.141,0.1090909090909091,49,4,2016-06-06,2017-08-03,423,149,0,0,Core Loyal Customers
SC-20260,3729.793,671.0033999999999,0.1972222222222222,63,8,2014-04-06,2017-06-26,1177,187,1,3,Active Growing Customers
SC-20305,3979.065,229.1617,0.2166666666666666,64,7,2014-12-16,2017-12-01,1081,29,0,3,Active Growing Customers
SC-20380,5992.536,236.6615,0.19,80,9,2014-03-01,2017-11-30,1370,30,0,3,Active Growing Customers
SC-20440,1874.998,379.5611,0.2799999999999999,44,7,2015-08-17,2017-11-24,830,36,0,0,Core Loyal Customers
SC-20575,902.728,100.2253,0.3428571428571428,30,5,2014-06-16,2017-09-29,1201,92,0,0,Core Loyal Customers
SC-20680,1254.64,370.1578,0.0,26,6,2014-11-21,2017-08-26,1009,126,0,0,Core Loyal Customers
SC-20695,2576.408,611.8291,0.1571428571428571,66,10,2014-12-16,2017-10-02,1021,89,0,3,Active Growing Customers
SC-20725,5226.21,1276.6513,0.15,133,11,2014-06-03,2017-06-26,1119,187,1,3,Active Growing Customers
SC-20770,4492.657,-671.1874,0.3047619047619047,75,7,2015-06-20,2017-11-19,883,41,0,3,Active Growing Customers
SC-20800,279.25600000000003,51.8252,0.12,11,4,2015-12-11,2017-11-30,720,30,0,0,Core Loyal Customers
SC-20845,280.632,31.1757,0.2,13,2,2016-11-11,2017-08-21,283,131,0,1,Lost or At-Risk Customers
SD-20485,6121.114,1985.1672,0.1047619047619047,82,9,2014-01-26,2017-06-13,1234,200,1,2,High-Value Customers (VIPs)
SE-20110,12209.438000000002,2650.6769,0.1105263157894737,78,11,2014-04-11,2017-12-21,1350,9,0,2,High-Value Customers (VIPs)
SF-20065,763.5459999999999,228.1623,0.1,35,7,2014-09-10,2017-11-01,1148,59,0,0,Core Loyal Customers
SF-20200,3422.786,286.9046,0.1266666666666666,74,9,2014-12-23,2017-11-01,1044,59,0,3,Active Growing Customers
SF-20965,3336.535,539.9352,0.2705882352941177,66,9,2014-10-21,2017-11-12,1118,48,0,3,Active Growing Customers
SG-20080,3406.581,570.438,0.0681818181818181,30,3,2015-10-31,2017-12-22,783,8,0,0,Core Loyal Customers
SG-20470,1884.798,-119.0105,0.15,62,8,2014-07-26,2017-06-30,1070,183,1,3,Active Growing Customers
SG-20605,3124.832,463.269,0.0923076923076923,49,6,2014-01-23,2017-09-13,1329,108,0,0,Core Loyal Customers
SG-20890,47.946,-3.7073,0.4,17,3,2014-03-30,2017-05-18,1145,226,1,0,Core Loyal Customers
SH-19975,3406.8395,558.4739999999999,0.1362068965517241,113,13,2014-12-10,2017-12-01,1087,29,0,3,Active Growing Customers
SH-20395,2180.718,-144.5229,0.2333333333333333,45,10,2014-11-02,2017-12-07,1131,23,0,3,Active Growing Customers
SH-20635,2096.392,260.6258,0.2,16,2,2014-12-16,2015-11-26,345,765,1,1,Lost or At-Risk Customers
SJ-20125,3949.656,144.1189,0.2333333333333333,104,12,2015-09-22,2017-09-26,735,95,0,3,Active Growing Customers
SJ-20215,1341.036,-23.5137,0.37,35,6,2015-02-09,2017-12-01,1026,29,0,0,Core Loyal Customers
SJ-20500,1318.776,68.09629999999999,0.1428571428571428,30,5,2014-08-31,2017-04-21,964,253,1,0,Core Loyal Customers
SK-19990,883.409,168.7933,0.22,19,3,2016-11-28,2017-12-22,389,8,0,0,Core Loyal Customers
SL-20155,3053.012,527.9715,0.1777777777777777,30,7,2014-09-21,2017-10-21,1126,70,0,0,Core Loyal Customers
SM-20005,244.494,-26.5927,0.2666666666666666,26,4,2014-11-23,2016-11-04,712,421,1,1,Lost or At-Risk Customers
SM-20320,25043.05,-1980.7393,0.2466666666666666,50,5,2014-03-18,2017-10-12,1304,79,0,2,High-Value Customers (VIPs)
SM-20905,1043.041,-237.2885,0.2833333333333333,20,1,2016-05-03,2016-05-03,0,606,1,1,Lost or At-Risk Customers
SM-20950,5563.392,581.5741999999999,0.1272727272727273,94,12,2014-09-29,2017-12-05,1163,25,0,3,Active Growing Customers
SN-20560,1860.418,-716.8565000000001,0.1733333333333333,67,6,2015-06-18,2017-09-10,815,111,0,0,Core Loyal Customers
SN-20710,3127.9592,481.7499,0.1168421052631579,89,7,2014-05-06,2017-10-12,1255,79,0,3,Active Growing Customers
SO-20335,2602.5755,-81.0858,0.1366666666666667,52,6,2015-10-11,2017-12-01,782,29,0,0,Core Loyal Customers
SP-20545,1306.086,-118.7757,0.26,43,6,2014-10-13,2017-02-06,847,327,1,0,Core Loyal Customers
SP-20620,5440.319,-270.42819999999995,0.25,77,9,2014-09-08,2017-11-13,1162,47,0,3,Active Growing Customers
SP-20650,1872.436,268.4782,0.1533333333333333,71,9,2014-04-16,2016-12-09,968,386,1,3,Active Growing Customers
SP-20860,4282.94,566.7226,0.2083333333333333,80,10,2014-12-15,2017-10-12,1032,79,0,3,Active Growing Customers
SP-20920,3990.689,14.692400000000005,0.2714285714285714,57,6,2014-11-22,2017-10-21,1064,70,0,3,Active Growing Customers
SR-20425,3233.481,-3333.9144,0.3666666666666666,34,5,2014-06-14,2017-12-22,1287,8,0,0,Core Loyal Customers
SR-20740,4345.886,1990.4244,0.0333333333333333,50,8,2014-02-20,2017-06-17,1213,196,1,2,High-Value Customers (VIPs)
SS-20140,1324.028,332.3487,0.1142857142857142,86,8,2014-11-23,2017-12-15,1118,15,0,3,Active Growing Customers
SS-20410,3056.807,-1010.9738,0.2583333333333333,46,6,2014-05-30,2017-09-11,1200,110,0,0,Core Loyal Customers
SS-20515,613.4,199.9345,0.0,36,3,2014-07-14,2016-08-26,774,491,1,1,Lost or At-Risk Customers
SS-20590,418.49,135.5401,0.0,17,6,2014-08-05,2016-10-24,811,432,1,1,Lost or At-Risk Customers
SS-20875,964.636,-75.586,0.24,39,5,2014-12-14,2017-09-01,992,120,0,0,Core Loyal Customers
ST-20530,433.34,84.4419,0.2,33,7,2014-02-14,2017-08-27,1290,125,0,0,Core Loyal Customers
SU-20665,2595.364,763.4719,0.1333333333333333,61,7,2015-12-05,2017-12-10,736,20,0,3,Active Growing Customers
SV-20365,11470.95,1199.4242,0.15625,109,10,2014-01-11,2017-09-20,1348,101,0,2,High-Value Customers (VIPs)
SV-20785,4105.305,485.0272,0.184,91,9,2014-04-12,2017-02-13,1038,320,1,3,Active Growing Customers
SV-20815,1271.09,199.6502,0.1999999999999999,24,4,2015-05-04,2017-10-15,895,76,0,0,Core Loyal Customers
SV-20935,1903.491,106.8912,0.2307692307692307,66,8,2016-03-19,2017-12-28,649,2,0,3,Active Growing Customers
SW-20245,1085.078,-19.60620000000001,0.2599999999999999,33,7,2014-07-20,2017-10-10,1178,81,0,0,Core Loyal Customers
SW-20275,1966.65,332.8725,0.0285714285714285,28,6,2014-03-10,2017-11-30,1361,30,0,0,Core Loyal Customers
SW-20350,1019.044,95.8383,0.2166666666666666,25,3,2016-04-09,2017-07-21,468,162,0,1,Lost or At-Risk Customers
SW-20455,2921.544,793.6548,0.1111111111111111,18,7,2015-06-22,2017-07-21,760,162,0,0,Core Loyal Customers
SW-20755,758.6959999999999,68.2416,0.1,27,2,2014-11-02,2016-07-14,620,534,1,1,Lost or At-Risk Customers
SZ-20035,3625.329,366.4303000000001,0.22,69,11,2014-09-07,2017-11-25,1175,35,0,3,Active Growing Customers
TA-21385,14595.62,4703.7883,0.0799999999999999,36,4,2014-09-12,2017-10-22,1136,69,0,2,High-Value Customers (VIPs)
TB-21055,1467.881,390.2113,0.0555555555555555,66,5,2016-06-17,2017-09-02,442,119,0,0,Core Loyal Customers
TB-21175,3589.296,829.1635,0.0909090909090909,36,4,2014-12-08,2017-11-02,1060,58,0,0,Core Loyal Customers
TB-21190,816.1740000000001,179.0038,0.025,23,4,2014-12-27,2017-11-11,1050,49,0,0,Core Loyal Customers
TB-21250,1602.376,260.6155,0.2473684210526316,74,7,2014-12-08,2017-01-15,769,349,1,3,Active Growing Customers
TB-21280,2198.45,490.9567,0.1,35,6,2014-06-21,2016-05-26,705,583,1,1,Lost or At-Risk Customers
TB-21355,834.328,268.967,0.0615384615384615,44,5,2016-01-25,2017-08-06,559,146,0,0,Core Loyal Customers
TB-21400,9133.99,2798.3689,0.0705882352941176,55,7,2014-01-21,2017-06-11,1237,202,1,2,High-Value Customers (VIPs)
TB-21520,4737.486,-1603.0451,0.265,85,9,2014-10-17,2017-09-14,1063,107,0,3,Active Growing Customers
TB-21595,1387.559,-136.4091,0.2714285714285714,29,5,2014-02-18,2017-03-20,1126,285,1,0,Core Loyal Customers
TB-21625,2797.668,379.882,0.14,60,9,2014-08-06,2017-11-30,1212,30,0,3,Active Growing Customers
TC-20980,19052.218,8981.323900000001,0.1166666666666666,42,5,2014-11-07,2016-11-26,750,399,1,2,High-Value Customers (VIPs)
TC-21145,1038.26,265.5332,0.0,17,1,2017-09-15,2017-09-15,0,106,0,1,Lost or At-Risk Customers
TC-21295,4266.812,606.3727,0.13125,63,8,2014-10-14,2017-12-03,1146,27,0,3,Active Growing Customers
TC-21475,1244.976,119.104,0.2636363636363636,45,9,2014-11-22,2017-07-30,981,153,0,3,Active Growing Customers
TC-21535,742.5580000000001,217.933,0.11,28,7,2014-11-03,2017-12-26,1149,4,0,0,Core Loyal Customers
TD-20995,1434.5480000000002,88.1897,0.24375,67,9,2014-05-19,2017-11-23,1284,37,0,3,Active Growing Customers
TG-21310,3058.372,682.1704,0.2111111111111111,30,5,2015-03-09,2017-01-27,690,337,1,1,Lost or At-Risk Customers
TG-21640,2074.661,365.7205,0.13,50,4,2014-03-31,2017-09-07,1256,114,0,0,Core Loyal Customers
TH-21100,2422.824,-135.2125,0.1714285714285714,29,5,2014-09-27,2017-01-20,846,344,1,0,Core Loyal Customers
TH-21115,2942.772,-252.5539,0.2333333333333333,29,4,2014-09-23,2017-11-02,1136,58,0,0,Core Loyal Customers
TH-21235,1022.201,92.729,0.2076923076923077,40,8,2014-11-04,2017-09-04,1035,117,0,0,Core Loyal Customers
TH-21550,4234.0960000000005,-571.9678,0.0692307692307692,44,7,2014-04-05,2017-10-19,1293,72,0,3,Active Growing Customers
TM-21010,2955.226,573.3013,0.0526315789473684,67,8,2014-02-21,2017-09-18,1305,103,0,3,Active Growing Customers
TM-21490,1094.678,292.521,0.05,12,3,2017-03-30,2017-08-22,145,130,0,1,Lost or At-Risk Customers
TN-21040,3130.221,-692.0452,0.1999999999999999,48,7,2014-10-10,2017-10-01,1087,90,0,0,Core Loyal Customers
TP-21130,4454.0560000000005,1129.1261,0.0875,55,9,2015-04-14,2017-12-22,983,8,0,3,Active Growing Customers
TP-21415,5329.0048,-1087.3898,0.462,39,5,2015-11-28,2017-09-17,659,104,0,0,Core Loyal Customers
TP-21565,1936.64,139.22869999999995,0.24,48,4,2015-03-01,2017-01-14,685,350,1,1,Lost or At-Risk Customers
TR-21325,675.9419999999999,220.3644,0.0285714285714285,22,5,2014-12-01,2017-06-20,932,193,1,0,Core Loyal Customers
TS-21085,4.833,-3.3156,0.7,4,2,2015-07-19,2017-01-07,538,357,1,1,Lost or At-Risk Customers
TS-21160,2163.6240000000003,260.87440000000004,0.2235294117647058,60,6,2014-04-23,2016-08-13,843,504,1,1,Lost or At-Risk Customers
TS-21205,5371.09,862.8877,0.1578947368421052,67,7,2014-03-21,2017-06-15,1182,198,1,3,Active Growing Customers
TS-21340,974.782,-184.9789,0.2833333333333333,51,5,2014-01-19,2017-05-18,1215,226,1,0,Core Loyal Customers
TS-21370,11891.751,2371.7144000000003,0.1166666666666666,59,6,2014-10-28,2017-11-24,1123,36,0,2,High-Value Customers (VIPs)
TS-21430,2054.14,48.70169999999999,0.1571428571428571,31,5,2014-07-30,2017-07-11,1077,172,0,0,Core Loyal Customers
TS-21505,2243.274,11.377899999999984,0.1928571428571428,54,6,2014-12-20,2017-12-19,1095,11,0,0,Core Loyal Customers
TS-21610,2820.424,-294.6981,0.3727272727272727,44,7,2014-08-16,2017-11-05,1177,55,0,0,Core Loyal Customers
TS-21655,3368.094,220.9163,0.1928571428571428,52,5,2015-02-06,2017-05-06,820,238,1,0,Core Loyal Customers
TT-21070,4915.602,751.9567,0.1142857142857143,66,7,2014-05-18,2017-11-29,1291,31,0,3,Active Growing Customers
TT-21220,1427.044,278.7371,0.2133333333333333,55,8,2014-09-23,2017-06-30,1011,183,1,3,Active Growing Customers
TT-21265,439.5,93.9162,0.0,8,3,2015-08-15,2016-11-19,462,406,1,1,Lost or At-Risk Customers
TT-21460,5364.808,1124.4999,0.1285714285714286,48,7,2015-12-08,2017-12-18,741,12,0,3,Active Growing Customers
TW-21025,5278.826,737.3905,0.1,57,7,2014-12-22,2017-10-27,1040,64,0,3,Active Growing Customers
TZ-21580,1707.286,224.8887,0.0888888888888888,30,4,2014-11-11,2017-11-25,1110,35,0,0,Core Loyal Customers
VB-21745,2005.596,371.2398,0.1699999999999999,37,6,2015-07-17,2017-11-06,843,54,0,0,Core Loyal Customers
VD-21670,6442.254,1617.7874000000002,0.075,71,6,2014-08-04,2016-05-28,663,581,1,2,High-Value Customers (VIPs)
VF-21715,847.944,-96.278,0.0636363636363636,35,5,2014-03-01,2017-12-17,1387,13,0,0,Core Loyal Customers
VG-21790,846.01,143.6268,0.075,32,6,2014-08-08,2017-07-29,1086,154,0,0,Core Loyal Customers
VG-21805,427.372,-52.333,0.1,16,5,2014-09-22,2017-03-19,909,286,1,0,Core Loyal Customers
VM-21685,2454.866,513.5269,0.1,37,7,2014-04-07,2017-11-06,1309,54,0,0,Core Loyal Customers
VM-21835,380.69,116.6373,0.1124999999999999,25,5,2014-03-22,2017-09-04,1262,117,0,0,Core Loyal Customers
VP-21730,993.902,205.3888,0.04,18,3,2015-07-05,2017-11-30,879,30,0,0,Core Loyal Customers
VP-21760,3360.526,-1018.7768,0.1714285714285714,65,7,2014-09-06,2017-10-16,1136,75,0,3,Active Growing Customers
VS-21820,1055.981,-262.8093,0.475,38,4,2014-01-07,2017-05-23,1232,221,1,0,Core Loyal Customers
VT-21700,1736.596,-224.0889,0.3333333333333333,42,2,2014-06-06,2015-04-05,303,1000,1,1,Lost or At-Risk Customers
VW-21775,6134.0380000000005,-874.6645,0.1611111111111111,77,10,2014-05-11,2017-12-02,1301,28,0,3,Active Growing Customers
WB-21850,6160.102,714.3311,0.2054054054054054,146,11,2014-11-04,2017-12-10,1132,20,0,3,Active Growing Customers
XP-21865,2374.658,621.23,0.0464285714285714,100,11,2014-01-20,2017-11-17,1397,43,0,3,Active Growing Customers
YC-21895,5454.35,1305.629,0.075,31,5,2014-11-17,2017-12-26,1135,4,0,0,Core Loyal Customers
YS-21880,6720.444,1778.2923,0.05,58,8,2015-01-12,2017-12-21,1074,9,0,2,High-Value Customers (VIPs)
ZC-21910,8025.707,-1032.149,0.2548387096774193,105,13,2014-10-13,2017-11-06,1120,54,0,3,Active Growing Customers
ZD-21925,1493.944,249.1307,0.1111111111111111,32,5,2014-08-27,2017-06-11,1019,202,1,0,Core Loyal Customers
