Customer ID,Total Sales,Total Profit,Avg Discount,Total Quantity,Num Orders,First Purchase,Last Purchase,Customer Age (Days),Recency (Days),Churn
AA-10315,5563.56,-362.8825,0.09090909090909091,30,5,2014-03-31,2017-06-29,1186,184,1
AA-10375,1056.39,277.3824,0.08000000000000002,41,9,2014-04-21,2017-12-11,1330,19,0
AA-10480,1790.5120000000002,435.8274,0.016666666666666666,36,4,2014-05-04,2017-04-15,1077,259,1
AA-10645,5086.9349999999995,857.8033,0.06388888888888888,64,6,2014-06-22,2017-11-05,1232,55,0
AB-10015,886.156,129.3465,0.06666666666666667,13,3,2014-02-18,2016-11-10,996,415,1
AB-10060,7755.62,2054.5885,0.044444444444444446,56,8,2015-09-18,2017-11-06,780,54,0
AB-10105,14473.570999999998,5444.8055,0.24,73,10,2014-12-20,2017-11-19,1065,41,0
AB-10150,966.71,313.6597,0.13333333333333333,37,5,2014-03-05,2017-11-19,1355,41,0
AB-10165,1113.838,220.813,0.13571428571428573,48,8,2014-11-16,2017-12-05,1115,25,0
AB-10255,914.5319999999999,264.5675,0.1,39,9,2014-07-22,2017-07-17,1091,166,0
AB-10600,1515.862,-274.9604,0.375,38,4,2014-11-18,2017-11-10,1088,50,0
AC-10420,925.8,-62.1342,0.32,17,3,2014-07-12,2017-05-12,1035,232,1
AC-10450,5527.846,1366.0098,0.18888888888888888,43,7,2014-10-31,2017-12-19,1145,11,0
AC-10615,2537.6859999999997,298.8273,0.1111111111111111,59,5,2015-09-15,2017-12-24,831,6,0
AC-10660,657.316,-28.700399999999995,0.18333333333333335,16,5,2014-10-15,2017-03-23,890,282,1
AD-10180,6106.88,1869.9294,0.05833333333333333,40,8,2014-11-19,2017-12-01,1108,29,0
AF-10870,2052.908,317.9712,0.2,51,7,2015-12-06,2017-11-19,714,41,0
AF-10885,861.565,-163.1175,0.2571428571428572,37,4,2014-05-10,2016-11-10,915,415,1
AG-10270,2582.898,732.7399,0.014285714285714287,58,5,2014-05-13,2017-03-27,1049,278,1
AG-10300,367.548,59.288399999999996,0.08,16,4,2014-04-26,2017-09-03,1226,118,0
AG-10330,660.972,-5.137100000000006,0.23333333333333334,47,5,2016-08-03,2017-12-22,506,8,0
AG-10390,200.945,69.2784,0.22499999999999998,33,5,2014-04-19,2017-09-07,1237,114,0
AG-10495,2356.855,295.6668,0.20476190476190476,93,8,2015-01-04,2017-10-13,1013,78,0
AG-10525,1455.038,-152.7613,0.15555555555555556,33,4,2014-08-09,2015-09-07,394,845,1
AG-10675,3489.0396000000005,-246.42570000000003,0.16133333333333333,54,7,2015-05-07,2017-09-24,871,97,0
AG-10765,170.584,-8.431000000000001,0.45999999999999996,20,4,2014-09-17,2017-10-14,1123,77,0
AG-10900,4510.797,343.6824,0.16666666666666666,92,10,2014-07-23,2017-09-25,1160,96,0
AH-10030,1744.7,365.2152,0.09090909090909091,54,7,2014-04-22,2017-12-18,1336,12,0
AH-10075,3250.337,281.189,0.135,75,10,2014-11-16,2017-11-26,1106,34,0
AH-10120,1735.5140000000001,-2.3145999999999773,0.23750000000000002,65,7,2014-07-18,2017-10-31,1201,60,0
AH-10195,1587.452,-378.5509,0.35,28,4,2015-03-05,2017-11-05,976,55,0
AH-10210,4805.344,1308.5546,0.09230769230769233,53,9,2014-11-29,2017-12-24,1121,6,0
AH-10465,2495.3916,-196.12009999999998,0.14,35,5,2015-01-03,2017-05-14,862,230,1
AH-10585,738.504,83.96300000000001,0.12000000000000002,17,4,2014-10-26,2017-12-09,1140,21,0
AH-10690,7888.294,1298.0166,0.21739130434782608,102,12,2014-04-02,2016-11-15,958,410,1
AI-10855,4375.786,867.7271000000001,0.07222222222222223,72,10,2014-04-28,2017-12-17,1329,13,0
AJ-10780,4867.344,150.71300000000005,0.08666666666666667,62,7,2014-01-10,2017-10-16,1375,75,0
AJ-10795,4501.391,1158.7064,0.08333333333333333,88,7,2014-05-14,2017-07-17,1160,166,0
AJ-10945,1839.24,521.1351999999999,0.04,40,7,2014-03-03,2017-10-06,1313,85,0
AJ-10960,629.2479999999999,60.4265,0.04,22,3,2014-09-14,2017-10-17,1129,74,0
AM-10360,814.012,194.9878,0.125,48,5,2014-10-06,2017-12-02,1153,28,0
AM-10705,5664.022,1085.7326,0.06363636363636363,81,8,2014-10-31,2017-07-21,994,162,0
AO-10810,161.28,12.096,0.2,2,1,2016-08-16,2016-08-16,0,501,1
AP-10720,1638.554,285.7888,0.1631578947368421,85,8,2014-03-03,2017-11-19,1357,41,0
AP-10915,3323.556,579.3113,0.09354838709677421,102,10,2014-08-23,2017-09-23,1127,98,0
AR-10345,1055.694,-221.0544,0.26,18,4,2014-12-30,2017-09-10,985,111,0
AR-10405,2236.128,-98.7646,0.09999999999999999,29,5,2014-10-03,2017-08-27,1059,125,0
AR-10510,264.86400000000003,43.6695,0.21428571428571427,33,5,2014-05-02,2017-12-16,1324,14,0
AR-10540,6608.448,2884.6208,0.06666666666666668,33,6,2014-11-25,2017-12-24,1125,6,0
AR-10570,88.15,32.633,0.0,6,1,2016-07-14,2016-07-14,0,534,1
AR-10825,4523.336,494.83519999999993,0.07692307692307693,54,8,2014-06-30,2017-11-02,1221,58,0
AS-10045,3050.692,-253.57459999999998,0.355,48,7,2014-07-27,2017-10-03,1164,88,0
AS-10090,3255.31,64.53739999999998,0.18,81,9,2014-09-22,2017-12-02,1167,28,0
AS-10135,58.82,21.8496,0.06666666666666667,9,2,2016-11-13,2017-11-19,371,41,0
AS-10225,4260.784,719.7751000000001,0.06153846153846154,41,5,2014-10-18,2017-12-08,1147,22,0
AS-10240,584.6080000000001,33.715799999999994,0.2692307692307692,39,7,2014-03-15,2017-06-21,1194,192,1
AS-10285,3214.236,354.62760000000003,0.225,39,6,2016-05-21,2017-12-11,569,19,0
AS-10630,833.398,136.49190000000002,0.18333333333333335,34,7,2014-08-01,2017-09-29,1155,92,0
AT-10435,1171.814,100.87680000000002,0.19999999999999998,28,6,2014-11-24,2017-12-09,1111,21,0
AT-10735,3831.864,974.107,0.08750000000000001,60,10,2014-08-30,2017-12-17,1205,13,0
AW-10840,649.376,65.77250000000001,0.2,24,4,2015-04-13,2017-12-10,972,20,0
AW-10930,2852.968,-104.5486,0.30625,68,7,2014-07-14,2017-11-14,1219,46,0
AY-10555,497.014,103.3499,0.1,34,4,2014-04-06,2017-12-16,1350,14,0
AZ-10750,1622.0179999999998,154.9503,0.125,40,6,2014-03-17,2017-07-23,1224,160,0
BB-10990,744.3399999999999,11.583900000000007,0.2,26,5,2014-07-27,2017-09-16,1147,105,0
BB-11545,6765.728,1015.0749999999999,0.195,83,9,2015-06-05,2017-12-02,911,28,0
BC-11125,2933.676,251.5974,0.1111111111111111,60,9,2014-07-06,2017-06-11,1071,202,1
BD-11320,5718.521,1094.5037,0.07894736842105263,75,12,2015-05-31,2017-11-27,911,33,0
BD-11500,4411.2429999999995,1142.1225,0.135,49,6,2014-02-01,2017-11-25,1393,35,0
BD-11560,320.54,116.714,0.0,11,2,2015-05-30,2017-03-27,667,278,1
BD-11605,3288.471,634.8463,0.0725,74,7,2014-01-13,2017-09-24,1350,97,0
BD-11620,1538.11,206.75689999999997,0.17500000000000002,27,6,2014-06-30,2017-10-22,1210,69,0
BD-11635,582.646,141.53400000000002,0.1,19,3,2014-10-05,2017-12-21,1173,9,0
BD-11725,1526.5,333.9791,0.02,29,6,2015-07-03,2017-09-28,818,93,0
BD-11770,658.466,141.265,0.12000000000000002,21,6,2016-03-10,2017-02-06,333,327,1
BE-11335,4204.676,1487.7739000000001,0.022222222222222223,35,5,2016-01-15,2017-09-02,596,119,0
BE-11410,2261.438,755.9150999999999,0.16,19,5,2016-02-07,2017-09-23,594,98,0
BE-11455,1727.652,139.20080000000002,0.14615384615384613,40,6,2015-08-02,2017-04-20,627,254,1
BF-10975,599.798,227.4384,0.14615384615384613,38,7,2014-07-14,2017-09-30,1174,91,0
BF-11005,1333.88,-291.38109999999995,0.18,26,4,2014-09-25,2017-11-21,1153,39,0
BF-11020,2888.506,302.02,0.2571428571428572,78,8,2014-02-15,2017-10-17,1340,74,0
BF-11080,272.95,110.9272,0.0,29,3,2014-11-28,2017-12-05,1103,25,0
BF-11170,5907.972,1538.2127,0.12222222222222222,102,11,2014-04-13,2017-12-14,1341,16,0
BF-11215,1585.162,523.2133,0.05,48,4,2014-11-09,2017-10-26,1082,65,0
BF-11275,791.9899999999999,25.870199999999997,0.15000000000000002,11,3,2014-03-22,2017-11-03,1322,57,0
BG-11035,2798.948,-711.4274,0.19166666666666665,35,8,2014-11-05,2017-12-02,1123,28,0
BG-11695,1874.172,107.5715,0.1375,24,6,2014-05-11,2017-11-24,1293,36,0
BG-11740,1006.356,119.34790000000001,0.14285714285714285,22,6,2014-03-23,2017-11-03,1321,57,0
BH-11710,6255.351,802.7898,0.18333333333333335,97,8,2014-06-09,2017-12-07,1277,23,0
BK-11260,659.1379999999999,-63.764399999999995,0.20625000000000002,58,6,2014-08-03,2017-10-14,1168,77,0
BM-11140,11789.63,-1659.9580999999998,0.16875,64,4,2014-09-08,2017-02-26,902,307,1
BM-11575,808.162,95.58160000000001,0.18,22,6,2015-09-15,2017-09-21,737,100,0
BM-11650,7294.185,2199.2781,0.08448275862068966,95,11,2014-07-09,2017-11-27,1237,33,0
BM-11785,1338.842,137.7439,0.25,44,10,2014-06-06,2017-05-26,1085,218,1
BN-11470,265.296,36.6131,0.16666666666666666,15,4,2014-09-12,2017-12-06,1181,24,0
BN-11515,1459.344,340.7054,0.023529411764705882,79,5,2014-03-17,2017-12-21,1375,9,0
BO-11350,2682.728,278.77700000000004,0.2333333333333333,43,5,2016-01-03,2017-08-15,590,137,0
BO-11425,130.83,59.4522,0.0,7,2,2015-09-10,2017-10-16,767,75,0
BP-11050,983.42,209.78300000000002,0.14285714285714285,30,5,2014-10-12,2017-10-08,1092,83,0
BP-11095,2442.044,433.9751,0.165,70,12,2014-06-07,2017-12-13,1285,17,0
BP-11155,1697.8609999999999,647.3847000000001,0.0818181818181818,32,6,2015-06-04,2017-10-02,851,89,0
BP-11185,3675.861,363.5991,0.19444444444444445,69,9,2015-03-24,2017-12-29,1011,1,0
BP-11230,1181.49,-197.2695,0.06666666666666667,14,5,2014-04-20,2017-11-21,1311,39,0
BP-11290,2475.157,-319.0637,0.3,51,7,2014-10-03,2017-12-18,1172,12,0
BS-11365,10501.653,2616.0643999999998,0.011111111111111112,39,5,2014-05-04,2016-06-20,778,558,1
BS-11380,3887.834,-17.532200000000024,0.27692307692307694,58,5,2014-11-29,2017-12-02,1099,28,0
BS-11590,2454.928,381.7807,0.3,41,6,2014-01-14,2017-11-25,1411,35,0
BS-11665,3288.1099999999997,238.73680000000002,0.18181818181818182,47,3,2014-06-23,2016-05-27,704,582,1
BS-11755,2562.382,-113.29840000000003,0.13214285714285715,45,7,2014-05-18,2017-12-29,1321,1,0
BS-11800,949.4300000000001,194.0516,0.0,22,2,2015-09-26,2017-04-09,561,265,1
BT-11305,2567.656,417.5918,0.044444444444444446,33,5,2014-04-25,2017-01-28,1009,336,1
BT-11395,2186.6130000000003,257.9163,0.15,38,6,2014-10-28,2017-03-03,857,302,1
BT-11440,603.876,-77.5256,0.15714285714285717,16,4,2014-06-04,2016-06-18,745,560,1
BT-11485,415.19599999999997,126.8694,0.06666666666666667,11,2,2015-12-27,2016-03-11,75,659,1
BT-11530,2684.4919999999997,409.4983,0.1,44,5,2014-05-21,2017-09-30,1228,91,0
BT-11680,3196.752,447.74839999999995,0.07,88,7,2014-11-28,2017-12-10,1108,20,0
BV-11245,1523.2730000000001,315.2214,0.09285714285714285,49,5,2015-03-26,2017-01-30,676,334,1
BW-11065,385.516,-58.28659999999999,0.13333333333333333,8,3,2014-05-25,2017-06-01,1103,212,1
BW-11110,4750.358,921.2574,0.1411764705882353,74,8,2015-03-20,2017-08-31,895,121,0
BW-11200,1738.406,246.9973,0.15,49,6,2014-08-12,2017-06-10,1033,203,1
CA-11965,3789.7228,1143.3817,0.11200000000000002,29,6,2014-01-26,2017-09-25,1338,96,0
CA-12055,1679.7240000000002,211.2559,0.3,49,5,2015-09-05,2016-11-24,446,401,1
CA-12265,2648.2872,279.6183,0.18941176470588236,65,9,2014-03-25,2017-11-04,1320,56,0
CA-12310,1421.954,246.02179999999998,0.11818181818181818,25,4,2014-07-19,2017-12-17,1247,13,0
CA-12775,3041.566,204.48950000000002,0.18823529411764706,72,7,2014-06-28,2017-09-01,1161,120,0
CB-12025,6076.139,150.2089,0.16346153846153846,122,10,2014-03-21,2017-11-13,1333,47,0
CB-12415,1949.2,272.3883,0.3333333333333333,44,8,2015-11-05,2017-12-04,760,26,0
CB-12535,4246.4555,1049.5601,0.05,74,8,2015-01-02,2017-06-16,896,197,1
CC-12100,1770.945,208.5912,0.21538461538461537,46,6,2014-12-16,2016-09-29,653,457,1
CC-12145,2471.65,392.2825,0.08181818181818182,31,7,2014-07-20,2017-09-15,1153,106,0
CC-12220,3913.418,393.9618,0.11818181818181818,81,12,2014-09-09,2017-12-10,1188,20,0
CC-12370,12129.072000000002,2177.0493,0.2818181818181818,34,5,2016-05-23,2017-11-17,543,43,0
CC-12430,2870.05,424.6583,0.05789473684210527,63,10,2015-09-06,2017-12-30,846,0,0
CC-12475,1659.438,154.851,0.16153846153846155,40,9,2014-05-16,2017-11-21,1285,39,0
CC-12550,113.832,33.870599999999996,0.15000000000000002,14,3,2017-06-15,2017-12-03,171,27,0
CC-12610,2540.631,331.434,0.27499999999999997,39,7,2014-08-27,2017-11-26,1187,34,0
CC-12670,2269.7015,187.8399,0.16785714285714287,47,7,2014-12-23,2017-12-01,1074,29,0
CC-12685,2854.1150000000002,850.1591,0.25,51,4,2014-03-22,2015-10-23,580,799,1
CD-11920,2033.968,426.661,0.044444444444444446,35,5,2014-03-24,2017-11-20,1337,40,0
CD-11980,639.766,-206.7172,0.43333333333333335,22,3,2016-11-24,2017-11-06,347,54,0
CD-12280,1205.584,233.0274,0.08461538461538462,39,2,2017-11-05,2017-11-18,13,42,0
CD-12790,1860.732,403.8422,0.02666666666666667,49,5,2014-02-02,2016-11-26,1028,399,1
CG-12040,904.4680000000001,86.5106,0.18888888888888888,37,6,2015-06-01,2017-11-11,894,49,0
CG-12520,1148.7800000000002,169.93439999999998,0.2,14,3,2015-10-15,2017-01-26,469,338,1
CH-12070,1537.236,195.15109999999999,0.15000000000000002,13,3,2015-06-25,2016-02-08,228,691,1
CJ-11875,16.52,1.652,0.2,5,1,2016-12-30,2016-12-30,0,365,1
CJ-12010,11164.974,858.7414,0.1885,83,8,2016-03-10,2017-06-24,471,189,1
CK-12205,3154.855,141.2831,0.234375,122,13,2014-03-11,2017-11-21,1351,39,0
CK-12325,2945.321,261.22090000000003,0.18333333333333335,46,5,2014-03-14,2017-09-01,1267,120,0
CK-12595,2372.75,497.70980000000003,0.184,108,11,2014-12-26,2017-11-17,1057,43,0
CK-12760,1582.109,-338.4311,0.15,64,9,2014-02-07,2017-10-09,1340,82,0
CL-11890,1262.0140000000001,328.0847,0.05714285714285715,24,4,2014-07-26,2017-09-15,1147,106,0
CL-12565,10880.546,1933.7830999999999,0.1142857142857143,106,12,2014-03-04,2017-03-21,1113,284,1
CL-12700,2353.586,229.00990000000002,0.1875,34,5,2016-04-24,2017-09-16,510,105,0
CM-11815,1673.888,214.463,0.12000000000000002,38,6,2014-11-14,2017-08-21,1011,131,0
CM-11935,565.392,-43.732400000000005,0.2,18,2,2015-09-24,2016-01-22,120,708,1
CM-12115,1661.6100000000001,409.0679,0.028571428571428574,35,4,2015-03-29,2017-12-22,999,8,0
CM-12160,2533.314,-394.3686,0.24285714285714285,23,6,2016-10-21,2017-12-04,409,26,0
CM-12190,1475.144,91.2033,0.07142857142857142,21,6,2015-09-18,2017-12-22,826,8,0
CM-12235,2305.712,365.0387,0.07500000000000001,28,5,2016-05-01,2016-12-10,223,385,1
CM-12385,8954.019999999999,3899.8903999999998,0.12,34,4,2015-03-16,2017-11-23,983,37,0
CM-12445,287.99,64.4296,0.07777777777777778,32,3,2014-06-09,2016-10-20,864,436,1
CM-12655,6339.5576,1572.4585,0.072,42,6,2015-03-19,2017-12-03,990,27,0
CM-12715,3984.4524,176.3108,0.30923076923076925,57,4,2014-03-07,2015-03-01,359,1035,1
CP-12085,5402.254,427.0258,0.14285714285714285,57,8,2014-12-04,2017-10-09,1040,82,0
CP-12340,5888.275,-1850.3029000000001,0.21333333333333335,59,8,2014-03-17,2017-07-23,1224,160,0
CR-12580,2148.852,74.40129999999999,0.13333333333333333,32,4,2016-04-18,2017-11-03,564,57,0
CR-12625,475.9,144.7594,0.0,14,3,2014-06-01,2016-09-16,838,470,1
CR-12730,1600.55,306.9176,0.26666666666666666,18,4,2014-08-20,2017-10-13,1150,78,0
CR-12820,1397.8724,83.27029999999999,0.13142857142857142,26,3,2015-01-24,2017-10-06,986,85,0
CS-11845,1278.954,185.3776,0.275,22,5,2014-12-14,2017-09-30,1021,91,0
CS-11860,537.632,105.8275,0.2285714285714286,16,6,2014-05-02,2017-07-21,1176,162,0
CS-11950,3036.547,-126.4223,0.2636363636363636,68,11,2014-06-08,2017-12-05,1276,25,0
CS-12130,884.64,143.8339,0.1142857142857143,28,4,2014-08-05,2016-08-28,754,489,1
CS-12175,844.4580000000001,113.1405,0.1625,30,5,2014-08-12,2017-05-12,1004,232,1
CS-12250,2754.216,738.3626,0.05714285714285715,97,12,2014-01-13,2017-12-04,1421,26,0
CS-12355,3202.1620000000003,831.9432,0.08181818181818182,74,11,2014-08-15,2017-12-24,1227,6,0
CS-12400,3651.8585000000003,-342.80330000000004,0.21428571428571427,47,9,2014-09-26,2017-12-28,1189,2,0
CS-12460,550.644,156.2593,0.06666666666666667,13,2,2017-07-03,2017-12-03,153,27,0
CS-12490,1077.2285,-302.8761,0.25,33,4,2015-01-12,2016-11-01,659,424,1
CS-12505,5690.054999999999,-6626.389499999999,0.19999999999999998,40,6,2014-03-26,2017-11-02,1317,58,0
CT-11995,3241.898,161.22629999999995,0.16111111111111112,60,8,2014-05-07,2017-09-25,1237,96,0
CV-12295,2830.6279999999997,493.0861,0.07692307692307693,54,5,2014-03-28,2017-04-20,1119,254,1
CV-12805,2370.3136,98.99749999999999,0.2431578947368421,62,9,2016-05-09,2017-12-25,595,5,0
CW-11905,1136.592,370.8298,0.09090909090909091,40,6,2014-06-09,2017-12-08,1278,22,0
CY-12745,2900.026,60.64670000000001,0.2,43,8,2014-12-12,2017-10-31,1054,60,0
Co-12640,1300.076,205.62820000000002,0.175,30,5,2014-06-20,2016-06-29,740,549,1
DA-13450,156.76,56.7904,0.125,27,4,2014-04-25,2017-01-12,993,352,1
DB-12910,2171.599,431.3748,0.15416666666666667,47,8,2014-10-24,2017-12-09,1142,21,0
DB-12970,2839.2272,213.00289999999998,0.16571428571428573,43,5,2014-11-12,2017-05-03,903,241,1
DB-13060,4531.646,473.0272,0.1846153846153846,48,7,2014-03-01,2017-12-14,1384,16,0
DB-13120,2973.094,-1421.7692,0.14285714285714285,59,7,2015-05-01,2017-11-12,926,48,0
DB-13210,2332.577,169.9679,0.18571428571428572,75,10,2015-03-22,2017-12-21,1005,9,0
DB-13270,4655.897,841.8263999999999,0.2076923076923077,52,8,2014-02-04,2017-11-07,1372,53,0
DB-13360,1081.466,291.0085,0.08333333333333333,28,5,2014-11-19,2017-04-10,873,264,1
DB-13405,1711.692,438.9092,0.028571428571428574,62,4,2015-08-08,2017-06-26,688,187,1
DB-13555,3908.8028,109.32700000000001,0.15142857142857144,61,7,2014-04-21,2017-09-14,1242,107,0
DB-13615,1989.05,438.80119999999994,0.14545454545454548,41,7,2014-09-30,2017-11-27,1154,33,0
DB-13660,1155.202,177.67350000000002,0.16,33,7,2014-06-17,2017-12-18,1280,12,0
DC-12850,3336.168,-1441.6312999999998,0.21111111111111114,64,9,2014-07-05,2017-11-23,1237,37,0
DC-13285,1174.618,132.06820000000002,0.07857142857142858,37,5,2014-12-29,2017-12-07,1074,23,0
DD-13570,269.542,36.4344,0.24444444444444446,33,6,2014-03-31,2017-11-19,1329,41,0
DE-13255,2550.874,464.47139999999996,0.1111111111111111,38,5,2014-08-22,2016-01-11,507,719,1
DF-13135,2390.534,-259.3097,0.2833333333333334,23,3,2014-10-04,2016-01-30,483,700,1
DG-13300,3195.818,562.7761,0.1,39,5,2014-11-01,2017-11-28,1123,32,0
DH-13075,4932.872,1193.7404,0.0782608695652174,81,6,2014-11-21,2017-03-28,858,277,1
DH-13675,1043.096,116.667,0.12272727272727274,41,4,2014-08-12,2015-11-15,460,776,1
DJ-13420,2012.52,483.03499999999997,0.0,20,4,2014-12-08,2016-04-02,481,637,1
DJ-13510,2501.6879999999996,345.2521,0.06923076923076923,52,8,2014-08-17,2017-11-12,1183,48,0
DJ-13630,3356.398,731.5644,0.0625,43,3,2015-12-14,2017-12-18,735,12,0
DK-12835,3256.48,881.1228000000001,0.17777777777777778,86,12,2014-03-26,2017-12-09,1354,21,0
DK-12895,4282.176,937.6496,0.08000000000000002,65,5,2015-03-08,2017-11-15,983,45,0
DK-12985,1687.04,-107.35379999999998,0.1625,32,5,2014-11-24,2017-12-23,1125,7,0
DK-13090,2650.557,536.3935,0.13846153846153847,33,7,2015-03-02,2017-11-18,992,42,0
DK-13150,797.832,249.9447,0.12000000000000002,20,2,2014-12-05,2017-12-20,1111,10,0
DK-13225,4802.394,209.89940000000004,0.19473684210526318,70,9,2014-03-14,2017-12-20,1377,10,0
DK-13375,3318.486,377.0799,0.10869565217391304,77,8,2014-09-07,2017-12-11,1191,19,0
DL-12865,1503.112,322.2449,0.15,51,8,2014-06-29,2017-09-21,1180,100,0
DL-12925,3272.2,4.213200000000029,0.03571428571428571,43,6,2014-09-09,2017-11-03,1151,57,0
DL-13315,1458.258,288.8732,0.1823529411764706,74,8,2014-01-16,2017-12-08,1422,22,0
DL-13330,585.02,222.6812,0.05,32,4,2014-06-23,2017-11-03,1229,57,0
DL-13495,3539.322,-52.78799999999997,0.05000000000000001,33,8,2015-12-25,2017-10-15,660,76,0
DM-12955,1322.034,108.7583,0.16666666666666666,28,7,2014-09-30,2017-09-07,1073,114,0
DM-13015,6345.103,1677.3931,0.22999999999999998,87,7,2014-09-14,2017-11-03,1146,57,0
DM-13345,4074.4719999999998,1319.0586,0.1,41,8,2014-11-03,2017-12-08,1131,22,0
DM-13525,1376.792,199.7688,0.16999999999999998,33,3,2014-07-05,2016-09-05,793,481,1
DN-13690,2139.79,540.5405000000001,0.018181818181818184,41,7,2014-09-20,2017-05-27,980,217,1
DO-13435,1300.0315,-38.90860000000001,0.15769230769230771,48,9,2014-10-03,2017-08-19,1051,133,0
DO-13645,1267.316,294.0676,0.09090909090909091,36,7,2015-11-07,2017-12-04,758,26,0
DP-13000,1050.636,241.4524,0.2117647058823529,58,9,2014-01-03,2017-08-26,1331,126,0
DP-13105,2215.002,563.1761,0.1142857142857143,63,8,2015-08-22,2017-12-24,855,6,0
DP-13165,1058.616,-40.93759999999999,0.15000000000000002,20,2,2014-12-02,2015-10-10,312,812,1
DP-13390,5480.723999999999,1571.8318,0.18571428571428572,50,9,2014-07-05,2017-01-06,916,358,1
DR-12880,6528.034000000001,1641.8613,0.13333333333333333,103,9,2015-09-25,2017-12-27,824,3,0
DR-12940,8350.868,2869.0759999999996,0.15384615384615383,57,8,2014-03-28,2017-11-10,1323,50,0
DS-13030,1762.213,193.3319,0.1394736842105263,54,4,2014-07-09,2017-09-28,1177,93,0
DS-13180,2881.8128,163.6993,0.15350000000000003,68,9,2014-04-28,2017-12-07,1319,23,0
DV-13045,1119.483,-427.184,0.17222222222222222,28,5,2016-06-12,2017-12-11,547,19,0
DV-13465,3341.587,353.2127,0.11333333333333334,62,6,2014-06-22,2017-12-01,1258,29,0
DW-13195,1080.751,-86.87379999999999,0.24444444444444446,39,6,2014-01-18,2017-10-22,1373,69,0
DW-13480,5271.628,1348.7556,0.03636363636363637,38,5,2014-06-01,2017-05-27,1091,217,1
DW-13540,344.08,69.6672,0.17777777777777778,21,5,2016-02-27,2017-09-23,574,98,0
DW-13585,1204.854,-266.8966,0.17,44,7,2014-08-24,2017-05-02,982,242,1
Dl-13600,755.602,175.2388,0.21666666666666667,19,5,2014-03-30,2017-09-02,1252,119,0
Dp-13240,7198.7609999999995,333.36479999999995,0.18620689655172415,99,11,2014-05-26,2017-10-07,1230,84,0
EA-14035,2846.705,-52.74059999999998,0.3,87,13,2014-09-13,2017-07-31,1052,152,0
EB-13705,3644.978,13.621500000000005,0.25833333333333336,55,9,2014-07-08,2017-11-12,1223,48,0
EB-13750,3236.314,-80.28599999999999,0.145,91,10,2015-03-12,2017-11-25,989,35,0
EB-13840,4358.128,656.1988,0.125,41,5,2014-05-30,2017-10-01,1220,90,0
EB-13870,2767.219,261.5315,0.29090909090909095,41,10,2014-05-05,2017-09-21,1235,100,0
EB-13930,944.6000000000001,0.6042000000000058,0.17142857142857143,24,5,2014-02-02,2017-07-22,1266,161,0
EB-13975,1643.255,162.8781,0.2833333333333333,18,4,2016-01-04,2017-12-30,726,0,0
EB-14110,3071.126,184.7656,0.2090909090909091,30,6,2015-04-13,2017-09-08,879,113,0
EB-14170,1186.326,282.1701,0.2285714285714286,20,6,2014-09-29,2017-10-09,1106,82,0
EC-14050,461.914,96.4256,0.09999999999999999,37,5,2014-12-17,2017-11-07,1056,53,0
ED-13885,3484.92,670.4435000000001,0.21428571428571427,54,8,2014-08-09,2017-08-17,1104,135,0
EG-13900,1832.02,104.2656,0.2,44,5,2015-11-02,2017-12-08,767,22,0
EH-13765,10310.880000000001,1393.5154,0.07187500000000001,120,12,2014-04-12,2017-08-17,1223,135,0
EH-13945,684.1709999999999,53.53980000000001,0.29411764705882354,72,8,2014-07-02,2017-05-27,1060,217,1
EH-13990,825.9499999999999,150.3759,0.0625,20,6,2014-01-15,2016-11-20,1040,405,1
EH-14005,1219.53,-94.14079999999997,0.17272727272727273,50,7,2014-05-13,2017-12-28,1325,2,0
EH-14125,3082.653,96.27019999999999,0.20555555555555557,76,10,2014-10-19,2017-07-31,1016,152,0
EH-14185,923.884,242.1107,0.28750000000000003,22,6,2014-05-22,2017-09-16,1213,105,0
EJ-13720,2162.174,387.0176,0.175,31,4,2014-01-27,2017-03-03,1131,302,1
EJ-14155,2656.691,451.87550000000005,0.0625,31,5,2014-03-03,2017-11-03,1341,57,0
EK-13795,1303.478,97.10659999999999,0.0875,18,4,2014-03-18,2017-11-16,1339,44,0
EL-13735,124.28,27.1154,0.0,9,2,2016-04-22,2017-10-14,540,77,0
EM-13810,2567.0099999999998,-133.8275,0.14285714285714285,23,5,2015-06-07,2017-08-20,805,132,0
EM-13825,2339.598,682.5541999999999,0.0625,57,8,2014-12-02,2017-11-05,1069,55,0
EM-13960,933.704,102.29599999999999,0.2333333333333333,18,5,2015-10-01,2017-08-01,670,151,0
EM-14065,228.99,40.15459999999999,0.25,22,4,2014-07-22,2017-11-13,1210,47,0
EM-14095,1041.0420000000001,240.2362,0.1,34,4,2015-08-07,2017-09-08,763,113,0
EM-14140,4588.436000000001,1319.3655,0.06666666666666668,74,6,2014-07-19,2017-11-12,1212,48,0
EM-14200,366.822,21.7721,0.125,13,3,2015-12-20,2017-07-25,583,158,0
EN-13780,2199.366,496.1131,0.044444444444444446,27,4,2015-05-30,2017-03-18,658,287,1
EP-13915,5478.0608,144.9578,0.19741935483870968,124,17,2014-07-06,2017-12-18,1261,12,0
ER-13855,1245.788,-295.7398,0.2,27,3,2015-12-21,2016-11-04,319,421,1
ES-14020,3510.4579999999996,1003.2935,0.125,31,5,2014-09-20,2017-11-20,1157,40,0
ES-14080,4657.924,246.6661,0.26,77,9,2014-10-02,2017-12-02,1157,28,0
FA-14230,2984.054,520.5229,0.25882352941176473,58,7,2014-09-19,2017-09-24,1101,97,0
FC-14245,3418.742,1217.1662000000001,0.1357142857142857,50,7,2015-06-13,2017-10-21,861,70,0
FC-14335,3889.366,714.2926,0.16,37,7,2014-10-10,2017-06-29,993,184,1
FG-14260,1383.144,394.73969999999997,0.11818181818181818,48,7,2014-05-21,2017-11-26,1285,34,0
FH-14275,4256.272,1073.2676,0.1285714285714286,65,10,2014-04-06,2017-11-23,1327,37,0
FH-14350,2271.284,706.289,0.10714285714285714,52,4,2015-08-23,2017-06-01,648,212,1
FH-14365,6987.196,2050.2826,0.13846153846153847,52,8,2014-10-20,2017-12-25,1162,5,0
FM-14215,2456.638,249.6808,0.09333333333333334,48,10,2014-03-11,2017-12-23,1383,7,0
FM-14290,3736.198,198.10949999999997,0.18,79,9,2014-08-26,2017-11-24,1186,36,0
FM-14380,2523.266,191.4898,0.15714285714285717,53,9,2015-07-12,2017-08-07,757,145,0
FO-14305,2678.438,215.59689999999998,0.22,60,10,2014-06-09,2017-11-22,1262,38,0
FP-14320,4046.746,406.44730000000004,0.13571428571428573,54,8,2014-12-07,2017-12-07,1096,23,0
FW-14395,79.75,23.491300000000003,0.0,9,3,2015-03-22,2017-01-02,652,362,1
GA-14515,3919.7760000000003,840.899,0.0642857142857143,48,8,2014-05-18,2017-08-03,1173,149,0
GA-14725,1398.382,136.70790000000002,0.17954545454545456,79,11,2014-02-11,2017-12-25,1413,5,0
GB-14530,1568.44,7.837100000000003,0.16999999999999998,62,11,2014-04-28,2017-10-29,1280,62,0
GB-14575,4716.288,1135.8393,0.037500000000000006,63,5,2015-06-12,2017-12-17,919,13,0
GD-14590,1888.07,230.93729999999996,0.13333333333333333,25,4,2014-05-05,2017-12-25,1330,5,0
GG-14650,2224.0,12.698500000000008,0.15,92,9,2014-10-31,2017-11-17,1113,43,0
GH-14410,2819.4669999999996,-576.8335,0.27058823529411763,65,9,2014-07-09,2017-10-16,1195,75,0
GH-14425,4172.8460000000005,1176.4181,0.19,51,4,2014-06-17,2017-11-10,1242,50,0
GH-14485,1361.2440000000001,-95.4498,0.4666666666666666,15,2,2015-10-08,2016-12-08,427,387,1
GH-14665,146.94080000000002,-5.810200000000001,0.24,9,2,2015-11-17,2017-12-28,772,2,0
GK-14620,6497.27,1448.5525,0.15714285714285717,66,9,2014-06-25,2017-09-09,1172,112,0
GM-14440,3582.8199999999997,347.266,0.11818181818181818,43,7,2014-03-21,2017-10-08,1297,83,0
GM-14455,3078.624,793.2814000000001,0.16666666666666666,54,6,2014-04-11,2017-12-14,1343,16,0
GM-14500,1255.682,441.3185,0.11538461538461539,53,10,2014-08-09,2017-09-15,1133,106,0
GM-14680,3163.628,35.48649999999999,0.14545454545454548,31,6,2014-05-10,2017-07-31,1178,152,0
GM-14695,6049.966,188.7235,0.05454545454545456,44,3,2014-04-05,2017-09-04,1248,117,0
GP-14740,236.53,31.837600000000002,0.13999999999999999,21,2,2014-04-06,2015-11-26,599,765,1
GR-14560,1284.38,359.83320000000003,0.0,23,2,2014-11-19,2014-11-21,2,1135,1
GT-14635,9351.212,-4108.6589,0.25,26,3,2014-06-06,2017-11-04,1247,56,0
GT-14710,11820.119999999999,2163.4269,0.1,106,11,2014-05-23,2017-11-24,1281,36,0
GT-14755,226.436,-6.139200000000002,0.2,23,4,2015-02-18,2017-11-26,1012,34,0
GW-14605,2189.019,-268.54229999999995,0.15555555555555556,43,7,2014-03-01,2017-12-02,1372,28,0
GZ-14470,4355.150000000001,1087.7539,0.07857142857142858,48,9,2014-08-05,2017-12-23,1236,7,0
GZ-14545,2454.6220000000003,828.661,0.04,25,4,2014-09-28,2017-07-26,1032,157,0
HA-14905,2163.3,270.8574,0.22999999999999998,45,7,2014-06-30,2017-10-22,1210,69,0
HA-14920,2584.158,99.1445,0.2,72,8,2014-10-11,2017-12-10,1156,20,0
HD-14785,251.36,-135.87599999999998,0.3,31,3,2014-05-11,2015-11-22,560,769,1
HE-14800,883.5319999999999,274.4028,0.018181818181818184,44,4,2016-01-30,2017-12-18,688,12,0
HF-14995,2533.1639999999998,-13.876799999999989,0.13157894736842105,70,7,2014-05-26,2017-12-09,1293,21,0
HG-14845,785.628,147.0032,0.19,31,5,2014-04-29,2017-11-06,1287,54,0
HG-14965,3247.642,-2797.9635000000003,0.17058823529411765,68,12,2014-09-20,2017-12-07,1174,23,0
HG-15025,3690.284,804.6113,0.17272727272727273,38,7,2014-10-14,2017-12-24,1167,6,0
HH-15010,218.668,86.7342,0.03333333333333333,20,2,2014-08-29,2017-10-19,1147,72,0
HJ-14875,358.1,98.6548,0.10000000000000002,21,5,2015-04-13,2017-08-26,866,126,0
HK-14890,4877.784,956.9451,0.21333333333333335,64,8,2014-06-10,2017-08-01,1148,151,0
HL-15040,12873.297999999999,5622.4292000000005,0.018181818181818184,50,6,2014-01-20,2017-11-17,1397,43,0
HM-14860,8236.7648,2437.9836,0.231,76,10,2014-07-21,2017-12-28,1256,2,0
HM-14980,736.276,117.2755,0.17142857142857146,29,4,2015-10-02,2017-04-27,573,247,1
HP-14815,1990.314,373.8637,0.3,44,7,2014-05-06,2017-11-30,1304,30,0
HR-14770,1299.288,185.5794,0.04615384615384616,38,5,2014-03-01,2017-12-17,1387,13,0
HR-14830,5248.787,1196.9504,0.09999999999999999,51,7,2014-11-24,2017-07-24,973,159,0
HW-14935,9300.254,2164.1611,0.045,85,8,2015-09-27,2017-09-04,708,117,0
HZ-14950,886.52,-130.3879,0.19999999999999998,21,5,2016-03-14,2017-11-25,621,35,0
IG-15085,744.574,320.4982,0.028571428571428574,19,4,2014-10-18,2017-10-20,1098,71,0
IL-15100,5040.736,1121.937,0.07142857142857142,60,7,2014-08-01,2017-08-10,1105,142,0
IM-15055,2872.63,975.7701,0.1,19,3,2014-01-23,2016-11-16,1028,409,1
IM-15070,4930.474,514.6527,0.16666666666666666,93,7,2014-12-19,2016-12-05,717,390,1
JA-15970,6491.026,-819.4217000000001,0.2125,87,8,2014-09-17,2017-09-29,1108,92,0
JB-15400,1791.605,156.05319999999998,0.20625000000000002,43,10,2014-09-14,2017-12-23,1196,7,0
JB-15925,900.552,-286.9808,0.3,32,3,2014-12-05,2015-12-24,384,737,1
JB-16000,644.1188,126.76490000000001,0.07428571428571429,32,7,2016-01-10,2017-11-17,677,43,0
JB-16045,2518.115,201.51850000000002,0.1888888888888889,32,5,2015-05-03,2017-12-23,965,7,0
JC-15340,71.263,-0.35560000000000036,0.22499999999999998,12,4,2014-01-28,2017-09-07,1318,114,0
JC-15385,1058.108,502.92440000000005,0.05,14,1,2017-07-08,2017-07-08,0,175,0
JC-15775,2772.055,279.56919999999997,0.12187500000000001,64,9,2014-09-14,2017-07-25,1045,158,0
JC-16105,858.576,201.5952,0.044444444444444446,43,5,2014-11-18,2017-11-03,1081,57,0
JD-15790,2152.352,-266.55249999999995,0.17142857142857146,26,5,2015-04-02,2017-09-04,886,117,0
JD-15895,7610.8640000000005,1050.2667999999999,0.075,150,11,2014-03-26,2016-12-01,981,394,1
JD-16015,385.43,26.7605,0.3090909090909091,39,6,2014-10-04,2017-09-09,1071,112,0
JD-16060,695.442,111.11410000000001,0.049999999999999996,17,3,2014-09-24,2017-03-05,893,300,1
JD-16150,8828.0305,1619.5199,0.05588235294117647,60,8,2014-11-16,2017-11-19,1099,41,0
JE-15475,1388.682,276.2197,0.18461538461538465,49,6,2015-03-16,2017-06-20,827,193,1
JE-15610,7754.976,1623.4019,0.16,74,7,2014-10-14,2017-11-12,1125,48,0
JE-15715,8697.842999999999,1262.2926,0.3227272727272727,97,10,2014-08-25,2017-11-14,1177,46,0
JE-15745,6760.8150000000005,221.79670000000002,0.14565217391304347,90,13,2014-06-22,2017-11-09,1236,51,0
JE-16165,2697.248,789.6476,0.028571428571428574,34,3,2016-12-05,2017-12-10,370,20,0
JF-15190,2279.5860000000002,575.1259,0.12105263157894736,72,7,2014-11-15,2017-10-26,1076,65,0
JF-15295,955.124,97.28899999999999,0.1142857142857143,42,5,2014-03-14,2017-05-19,1162,225,1
JF-15355,1911.844,330.199,0.07500000000000001,58,6,2015-10-23,2017-09-16,694,105,0
JF-15415,2371.448,635.6376,0.07142857142857142,69,6,2014-06-17,2017-12-28,1290,2,0
JF-15490,1082.918,-18.06730000000001,0.14666666666666667,36,11,2014-10-19,2017-08-31,1047,121,0
JF-15565,4198.332,1073.2088,0.17500000000000002,67,8,2014-10-11,2017-11-06,1122,54,0
JG-15115,2358.676,684.1911,0.24285714285714288,20,3,2014-09-21,2015-12-03,438,758,1
JG-15160,6366.392,1415.6664,0.1111111111111111,70,11,2014-05-30,2017-12-29,1309,1,0
JG-15310,2240.58,3.7976000000000063,0.2545454545454545,46,6,2016-03-03,2017-12-28,665,2,0
JG-15805,1507.018,206.1019,0.06666666666666668,46,6,2014-04-05,2017-05-21,1142,223,1
JH-15430,309.281,-24.077100000000005,0.31428571428571433,29,4,2014-02-24,2017-12-25,1400,5,0
JH-15820,528.91,26.082199999999997,0.15000000000000002,29,6,2014-05-19,2017-07-09,1147,174,0
JH-15910,959.477,-13.554499999999996,0.14444444444444446,35,7,2015-06-12,2017-11-19,891,41,0
JH-15985,7954.9980000000005,-644.6982,0.08571428571428573,64,6,2014-08-09,2017-12-01,1210,29,0
JH-16180,2256.3940000000002,-96.95300000000002,0.22000000000000003,28,4,2015-05-25,2016-11-21,546,404,1
JJ-15445,709.178,200.5558,0.06666666666666667,25,5,2015-03-05,2016-09-03,548,483,1
JJ-15760,195.0,34.449200000000005,0.06666666666666667,11,2,2015-10-05,2015-12-08,64,753,1
JK-15205,4427.142,1219.983,0.13076923076923078,67,5,2014-07-11,2017-10-30,1207,61,0
JK-15325,383.812,55.32769999999999,0.1,15,3,2014-11-21,2017-03-18,848,287,1
JK-15370,2709.632,330.2838,0.12352941176470589,72,8,2014-04-11,2017-11-16,1315,44,0
JK-15625,3760.028,750.9485,0.11666666666666668,44,7,2014-05-31,2017-10-30,1248,61,0
JK-15640,4760.434,1172.5303,0.10000000000000002,41,9,2014-09-19,2017-07-03,1018,180,0
JK-15730,4867.2,55.0483,0.3325,88,10,2014-11-18,2017-10-07,1054,84,0
JK-16090,3747.668,586.6625,0.19999999999999998,43,3,2015-04-21,2017-12-02,956,28,0
JK-16120,2932.484,122.6566,0.20588235294117646,49,10,2014-11-02,2017-09-04,1037,117,0
JL-15130,1214.956,-207.79559999999998,0.26666666666666666,42,6,2014-07-18,2017-12-22,1253,8,0
JL-15175,1571.523,209.2817,0.21428571428571427,29,5,2014-12-31,2017-12-24,1089,6,0
JL-15235,2203.7,54.51740000000002,0.22000000000000003,39,5,2014-05-25,2017-09-02,1196,119,0
JL-15505,3173.874,591.7163,0.07058823529411766,56,6,2014-11-14,2017-11-11,1093,49,0
JL-15835,9799.923,228.907,0.08823529411764706,143,11,2014-04-18,2017-12-09,1331,21,0
JL-15850,2725.256,779.9046,0.23636363636363636,38,6,2014-07-22,2016-04-25,643,614,1
JM-15250,3159.1220000000003,19.82350000000004,0.2894736842105263,91,6,2016-03-29,2017-11-23,604,37,0
JM-15265,1804.146,502.6143,0.13846153846153847,52,5,2014-08-25,2017-11-23,1186,37,0
JM-15535,1733.443,356.5395,0.09,46,7,2014-09-13,2017-09-19,1102,102,0
JM-15580,303.948,113.1204,0.1142857142857143,26,5,2016-04-14,2017-12-30,625,0,0
JM-15655,864.947,117.20400000000001,0.15833333333333335,41,5,2014-04-08,2017-12-22,1354,8,0
JM-15865,7625.076000000001,1574.6163999999999,0.1846153846153846,50,7,2014-11-19,2017-09-12,1028,109,0
JM-16195,2833.9260000000004,754.1144,0.06315789473684212,74,10,2014-04-30,2017-11-03,1283,57,0
JO-15145,3254.949,581.4045,0.07307692307692308,59,9,2014-01-06,2017-11-03,1397,57,0
JO-15280,1934.272,202.13619999999997,0.17272727272727273,36,6,2014-03-31,2017-09-29,1278,92,0
JO-15550,1090.838,167.6709,0.23636363636363636,42,5,2015-03-19,2017-05-29,802,215,1
JP-15460,1669.135,429.7465,0.14,54,7,2014-08-24,2017-11-23,1187,37,0
JP-15520,3635.594,757.1802,0.059375000000000004,63,7,2014-08-22,2017-12-22,1218,8,0
JP-16135,1707.71,309.7116,0.15384615384615385,47,9,2014-09-23,2017-09-19,1092,102,0
JR-15670,1156.658,-785.1645,0.3,14,2,2015-12-24,2016-05-16,144,593,1
JR-15700,863.88,107.985,0.2,3,1,2017-10-23,2017-10-23,0,68,0
JR-16210,2201.686,452.37300000000005,0.22000000000000003,41,5,2015-09-18,2017-11-27,801,33,0
JS-15595,1417.654,-175.54899999999998,0.3125,35,4,2014-03-03,2017-09-02,1279,119,0
JS-15685,1131.0639999999999,-54.8692,0.20909090909090908,42,4,2016-06-14,2017-11-18,522,42,0
JS-15880,3868.02,564.9798000000001,0.14666666666666667,43,5,2014-04-08,2016-07-14,828,534,1
JS-15940,469.169,-327.9336,0.3375,37,5,2014-05-03,2016-09-23,874,463,1
JS-16030,2516.494,-311.25749999999994,0.18333333333333332,70,6,2014-02-27,2017-12-02,1374,28,0
JW-15220,7721.714,2173.7093999999997,0.07142857142857142,66,6,2015-04-30,2017-11-18,933,42,0
JW-15955,1244.086,-29.575899999999987,0.08181818181818182,41,7,2015-08-16,2017-12-25,862,5,0
JW-16075,1428.731,154.06369999999998,0.32857142857142857,38,4,2015-03-21,2016-09-25,554,461,1
KA-16525,1519.506,234.9194,0.05454545454545456,57,7,2014-03-11,2017-11-24,1354,36,0
KB-16240,3152.6150000000002,763.9076,0.15,34,7,2014-03-31,2017-12-26,1366,4,0
KB-16315,1569.464,49.71929999999999,0.19545454545454544,62,9,2014-08-26,2017-03-09,926,296,1
KB-16405,908.821,274.297,0.044444444444444446,25,3,2015-11-20,2017-09-04,654,117,0
KB-16585,2744.742,579.3551,0.10869565217391304,102,12,2014-04-04,2017-05-14,1136,230,1
KB-16600,983.922,293.55240000000003,0.2666666666666667,29,7,2014-12-30,2017-12-29,1095,1,0
KC-16255,2120.954,846.1217,0.02,40,6,2014-09-08,2016-11-18,802,407,1
KC-16540,3908.262,709.4219,0.2,28,4,2015-11-02,2017-09-24,692,97,0
KC-16675,1146.05,156.7797,0.08571428571428573,40,4,2014-12-13,2017-11-03,1056,57,0
KD-16270,8282.358,1107.6952000000003,0.1875,64,5,2014-11-11,2016-09-02,661,484,1
KD-16345,1888.964,328.5942,0.13,36,6,2014-09-02,2017-11-19,1174,41,0
KD-16495,8181.256,3038.6254,0.08750000000000001,84,12,2014-09-28,2017-09-09,1077,112,0
KD-16615,2243.5099999999998,539.7219,0.1076923076923077,56,5,2015-09-13,2017-03-16,550,289,1
KE-16420,1686.7312,397.87989999999996,0.21466666666666667,67,8,2014-04-03,2017-12-04,1341,26,0
KF-16285,10604.266,1660.1386,0.03333333333333334,67,7,2014-09-26,2017-09-24,1094,97,0
KH-16330,3312.864,454.7871,0.1388888888888889,70,8,2014-04-01,2017-11-20,1329,40,0
KH-16360,3100.612,528.2051,0.15,40,6,2014-04-29,2017-12-29,1340,1,0
KH-16510,5952.859,656.1162,0.10869565217391304,91,7,2014-08-15,2017-12-08,1211,22,0
KH-16630,3918.9660000000003,727.3786,0.10588235294117647,84,9,2014-11-01,2017-11-02,1097,58,0
KH-16690,5990.799,1227.5091,0.12666666666666665,69,7,2014-03-21,2017-12-28,1378,2,0
KL-16555,5016.488,-182.78130000000002,0.29545454545454547,84,8,2014-06-15,2017-12-14,1278,16,0
KL-16645,14175.229000000001,806.855,0.19999999999999998,113,12,2014-07-25,2017-11-13,1207,47,0
KM-16225,2260.958,635.1057000000001,0.021052631578947368,72,6,2015-07-06,2017-12-16,894,14,0
KM-16375,5620.186,973.7901999999999,0.13999999999999999,69,8,2014-07-20,2017-11-04,1203,56,0
KM-16660,453.538,91.1391,0.044444444444444446,30,5,2014-12-22,2017-12-15,1089,15,0
KM-16720,4909.472,745.7685,0.08928571428571429,98,8,2014-03-30,2017-12-02,1343,28,0
KN-16390,2617.272,-151.1518,0.21764705882352942,56,9,2014-12-02,2017-12-11,1105,19,0
KN-16450,2171.962,114.3083,0.28125,49,5,2014-04-12,2017-11-08,1306,52,0
KN-16705,2280.58,329.76250000000005,0.12000000000000001,55,8,2014-03-02,2017-09-23,1301,98,0
KS-16300,88.472,0.11099999999999888,0.275,10,3,2015-01-13,2017-03-10,787,295,1
KT-16465,3057.1,254.0032,0.2285714285714286,45,7,2014-09-08,2016-12-04,818,391,1
KT-16480,4642.088400000001,194.0671,0.14769230769230768,37,10,2014-03-10,2017-09-21,1291,100,0
KW-16435,4416.5199999999995,1756.135,0.11000000000000001,42,5,2015-08-24,2017-09-25,763,96,0
KW-16570,449.096,107.92699999999999,0.04,22,4,2014-09-30,2015-11-20,416,771,1
LA-16780,8673.222,2059.1199,0.11538461538461539,105,11,2014-04-29,2017-07-29,1187,154,0
LB-16735,50.188,18.6507,0.26666666666666666,12,3,2016-07-25,2017-11-12,475,48,0
LB-16795,4985.676,-52.19099999999998,0.23750000000000002,76,8,2014-04-23,2017-07-31,1195,152,0
LC-16870,2580.7039999999997,-188.25110000000004,0.24000000000000002,113,8,2015-05-03,2017-12-03,945,27,0
LC-16885,7663.126,1288.3469,0.1565217391304348,93,12,2014-04-25,2017-12-14,1329,16,0
LC-16930,4492.946,288.26599999999996,0.17142857142857143,52,8,2014-02-20,2017-11-19,1368,41,0
LC-16960,3246.626,299.48019999999997,0.2857142857142857,30,4,2015-02-23,2016-10-20,605,436,1
LC-17050,2095.064,86.77799999999999,0.27222222222222225,43,5,2014-01-31,2017-11-06,1375,54,0
LC-17140,2633.582,231.12520000000004,0.18421052631578946,62,9,2014-09-09,2017-12-17,1195,13,0
LD-16855,5.304,0.4641,0.2,3,1,2016-06-26,2016-06-26,0,552,1
LD-17005,1961.934,557.1714,0.028571428571428574,25,4,2014-09-29,2016-11-11,774,414,1
LE-16810,1469.45,161.76489999999998,0.2555555555555556,32,6,2014-05-27,2017-12-09,1292,21,0
LF-17185,3930.5089999999996,-3583.977,0.31875,69,7,2014-07-26,2017-12-08,1231,22,0
LH-16750,287.426,12.627699999999999,0.3666666666666667,12,3,2014-09-21,2017-08-01,1045,151,0
LH-16900,2295.332,526.0727,0.12666666666666665,64,9,2014-08-19,2017-12-09,1208,21,0
LH-17020,318.239,-242.73989999999998,0.4666666666666666,34,4,2014-09-08,2017-05-05,970,239,1
LH-17155,1739.689,316.5202,0.07894736842105263,44,9,2014-12-12,2016-12-10,729,385,1
LL-16840,2741.2039999999997,560.0078,0.016666666666666666,50,6,2014-04-29,2017-04-25,1092,249,1
LM-17065,1346.774,-44.87799999999999,0.05714285714285715,32,5,2014-06-27,2016-12-04,891,391,1
LO-17170,644.35,150.1712,0.25555555555555554,34,5,2015-02-06,2017-12-28,1056,2,0
LP-17080,756.606,110.7813,0.1111111111111111,39,4,2014-06-24,2017-11-20,1245,40,0
LP-17095,3653.399,338.44539999999995,0.18666666666666665,52,7,2016-06-06,2017-12-21,563,9,0
LR-16915,5142.892,535.4764,0.17500000000000002,64,6,2014-08-08,2017-12-04,1214,26,0
LR-17035,1879.306,-382.8079,0.27499999999999997,44,5,2014-09-07,2017-08-20,1078,132,0
LS-16945,2845.27,-318.77369999999996,0.3071428571428571,51,6,2015-04-25,2017-07-05,802,178,0
LS-16975,2988.674,262.63669999999996,0.2818181818181818,63,9,2014-10-20,2017-12-10,1147,20,0
LS-17200,1010.2560000000001,244.197,0.2,54,6,2014-10-18,2017-09-25,1073,96,0
LS-17230,368.88000000000005,39.1952,0.11666666666666665,16,3,2014-01-06,2015-11-14,677,777,1
LS-17245,1008.1360000000001,348.3584,0.08333333333333333,47,6,2014-10-16,2017-11-26,1137,34,0
LT-16765,329.876,59.036,0.13333333333333333,8,3,2014-09-01,2017-12-04,1190,26,0
LT-17110,2936.252,320.973,0.24642857142857144,63,8,2014-06-01,2017-11-26,1274,34,0
LW-16825,2238.061,32.5767,0.20666666666666667,50,5,2014-05-30,2017-10-03,1222,88,0
LW-16990,3230.308,662.8339000000001,0.10909090909090911,38,6,2016-05-05,2017-11-27,571,33,0
LW-17125,1259.04,192.6312,0.0,15,3,2014-09-11,2017-06-08,1001,205,1
LW-17215,5420.514,837.2411,0.16666666666666666,59,7,2014-09-12,2017-12-09,1184,21,0
MA-17560,4299.161,1240.2266,0.09411764705882353,117,11,2014-08-08,2017-10-27,1176,64,0
MA-17995,2453.284,280.7822,0.041666666666666664,42,6,2014-09-20,2017-06-27,1011,186,1
MB-17305,1548.702,212.425,0.17368421052631577,63,10,2014-08-08,2017-11-12,1192,48,0
MB-18085,1428.231,117.8057,0.2,39,7,2014-01-05,2017-11-16,1411,44,0
MC-17275,2725.982,461.0014,0.13076923076923078,54,8,2014-09-08,2017-10-15,1133,76,0
MC-17425,4432.138,1802.3903,0.12,48,5,2014-05-30,2016-11-26,911,399,1
MC-17575,1303.893,210.7493,0.29090909090909095,40,8,2014-12-02,2017-12-03,1097,27,0
MC-17590,2426.067,288.98409999999996,0.17058823529411765,47,6,2014-05-20,2017-11-09,1269,51,0
MC-17605,2258.192,195.4486,0.2222222222222222,60,8,2014-03-19,2017-09-09,1270,112,0
MC-17635,795.154,-247.94350000000003,0.17500000000000002,33,4,2014-11-28,2017-06-24,939,189,1
MC-17845,3805.714,698.4174,0.09999999999999999,45,7,2014-07-05,2017-12-29,1273,1,0
MC-18100,2218.98,-64.1668,0.26842105263157895,73,10,2014-06-18,2017-11-19,1250,41,0
MC-18130,1581.9979999999998,121.7565,0.05454545454545456,34,5,2014-09-19,2016-12-26,829,369,1
MD-17350,3766.382,-241.94999999999996,0.32941176470588235,64,7,2014-11-05,2017-09-04,1034,117,0
MD-17860,1204.91,-4.040300000000002,0.2875,45,5,2014-12-02,2017-11-24,1088,36,0
ME-17320,10663.728000000001,1859.4695,0.1318181818181818,82,10,2014-01-06,2017-11-18,1412,42,0
ME-17725,1908.4532,77.81280000000001,0.2246153846153846,46,8,2014-07-12,2017-12-02,1239,28,0
ME-18010,1256.944,107.3604,0.16666666666666666,15,4,2014-07-21,2017-09-29,1166,92,0
MF-17665,937.039,-341.52650000000006,0.13749999999999998,36,5,2014-12-30,2016-11-04,675,421,1
MF-18250,1758.3,456.86080000000004,0.06666666666666667,38,5,2014-09-15,2017-12-23,1195,7,0
MG-17650,3785.276,341.898,0.1285714285714286,57,7,2014-08-09,2017-12-01,1210,29,0
MG-17680,2350.188,25.888599999999972,0.225,25,4,2014-10-22,2017-09-29,1073,92,0
MG-17695,1342.282,-398.79319999999996,0.2571428571428572,23,3,2014-12-26,2016-06-23,545,555,1
MG-17875,1242.8329999999999,-470.7684,0.24285714285714288,23,5,2014-02-23,2017-09-05,1290,116,0
MG-17890,776.384,171.7372,0.11923076923076924,35,9,2014-12-29,2017-09-22,998,99,0
MG-18145,3061.543,-93.603,0.1875,42,4,2014-03-29,2017-10-07,1288,84,0
MG-18205,16.739,-1.2453,0.44999999999999996,8,1,2017-04-10,2017-04-10,0,264,1
MH-17290,2394.025,28.761200000000038,0.18846153846153849,55,6,2014-04-26,2017-09-02,1225,119,0
MH-17440,400.016,61.428599999999996,0.07777777777777778,25,4,2014-02-04,2016-12-19,1049,376,1
MH-17455,2456.1820000000002,484.77330000000006,0.16363636363636364,45,8,2014-07-11,2017-10-06,1183,85,0
MH-17620,1252.8,122.3612,0.23333333333333336,19,4,2015-12-05,2017-07-28,601,155,0
MH-17785,2203.7780000000002,238.5614,0.07272727272727274,42,7,2014-05-27,2017-09-23,1215,98,0
MH-18025,2984.948,476.9032,0.13,31,5,2014-07-08,2017-11-11,1222,49,0
MH-18115,5503.093,170.9746,0.16818181818181818,79,9,2016-08-23,2017-12-25,489,5,0
MJ-17740,6320.746,1054.5529000000001,0.21333333333333335,50,7,2015-06-09,2017-12-08,913,22,0
MK-17905,2302.368,-405.3559,0.3,73,8,2014-11-18,2017-12-02,1110,28,0
MK-18160,1031.602,227.83380000000002,0.0818181818181818,43,4,2014-12-19,2017-05-04,867,240,1
ML-17395,2722.843,684.9162,0.17250000000000001,72,9,2014-02-14,2017-10-22,1346,69,0
ML-17410,2921.5,-76.17550000000003,0.16666666666666666,51,6,2014-11-14,2017-11-06,1088,54,0
ML-17755,2071.9139999999998,409.51120000000003,0.1076923076923077,53,7,2016-08-04,2017-12-01,484,29,0
ML-18040,742.082,138.71620000000001,0.25,18,3,2017-03-26,2017-10-12,200,79,0
ML-18265,162.232,42.6648,0.06666666666666667,7,2,2015-05-31,2017-09-21,844,100,0
MM-17260,1314.023,178.402,0.13333333333333333,17,4,2014-05-28,2017-07-15,1144,168,0
MM-17920,3794.0800000000004,82.12499999999997,0.18125,68,11,2014-01-13,2017-12-23,1440,7,0
MM-18055,2749.881,-520.3443,0.21052631578947367,73,8,2014-04-11,2017-10-30,1298,61,0
MM-18280,775.414,58.8916,0.14166666666666666,32,9,2014-01-20,2017-10-06,1355,85,0
MN-17935,2477.946,290.8227,0.26,36,6,2014-02-16,2017-11-26,1379,34,0
MO-17500,922.487,59.357699999999994,0.22000000000000003,15,4,2014-11-28,2017-10-19,1056,72,0
MO-17800,1687.0269999999998,169.34369999999998,0.16363636363636364,49,8,2015-09-17,2017-09-17,731,104,0
MO-17950,154.288,-82.0074,0.35000000000000003,14,2,2015-04-02,2017-07-03,823,180,0
MP-17470,3206.132,600.2873,0.12142857142857144,77,7,2014-03-30,2016-01-11,652,719,1
MP-17965,3983.6420000000003,638.1563,0.255,62,9,2015-04-18,2017-10-19,915,72,0
MP-18175,5087.92,226.4529,0.15526315789473685,78,9,2014-03-28,2017-12-14,1357,16,0
MR-17545,639.178,162.9363,0.20000000000000004,29,4,2014-09-03,2017-08-27,1089,125,0
MS-17365,7443.6900000000005,844.9354999999998,0.16041666666666668,105,10,2014-09-09,2017-04-01,935,273,1
MS-17530,475.65599999999995,84.0268,0.15714285714285717,21,4,2014-11-04,2016-10-22,718,434,1
MS-17710,1613.402,247.4348,0.22,48,6,2014-03-24,2016-11-12,964,413,1
MS-17770,3144.678,280.85839999999996,0.09999999999999999,73,9,2014-07-04,2017-08-31,1154,121,0
MS-17830,370.348,19.431199999999997,0.18,14,4,2014-01-09,2016-10-04,999,452,1
MS-17980,855.116,55.226,0.17272727272727273,49,6,2014-06-30,2017-12-04,1253,26,0
MT-17815,2890.139,509.0068,0.12999999999999998,31,6,2015-11-06,2017-11-11,736,49,0
MT-18070,1319.4498,-23.676300000000005,0.2427272727272727,44,4,2014-09-25,2017-06-10,989,203,1
MV-17485,1560.05,189.0258,0.24000000000000002,52,9,2014-01-20,2017-12-03,1413,27,0
MV-18190,1734.574,273.8582,0.08636363636363636,37,7,2014-01-30,2017-12-11,1411,19,0
MW-18220,5341.900000000001,1238.422,0.07857142857142858,51,7,2014-08-25,2017-12-13,1206,17,0
MW-18235,5253.876,1665.516,0.06666666666666667,13,2,2014-05-21,2017-11-16,1275,44,0
MY-17380,2254.285,319.1211,0.3076923076923077,49,7,2015-10-26,2017-12-01,767,29,0
MY-18295,4152.696,-371.7111,0.2438095238095238,89,11,2014-04-28,2017-10-20,1271,71,0
MZ-17335,593.606,85.01910000000001,0.06666666666666667,11,4,2015-11-08,2017-11-30,753,30,0
MZ-17515,2564.906,787.7503,0.27999999999999997,39,6,2014-04-04,2017-03-23,1084,282,1
NB-18580,273.87199999999996,24.788800000000002,0.1,7,2,2014-09-26,2014-10-22,26,1165,1
NB-18655,1972.599,117.6429,0.1735294117647059,64,9,2014-12-05,2017-12-11,1102,19,0
NC-18340,2461.404,580.3075,0.0411764705882353,54,5,2014-03-30,2017-05-20,1147,224,1
NC-18415,2218.9900000000002,-2204.8072,0.2642857142857143,38,6,2014-05-03,2017-11-19,1296,41,0
NC-18535,8241.739,1314.758,0.13666666666666666,64,7,2014-07-23,2017-12-24,1250,6,0
NC-18625,1821.742,-359.02099999999996,0.24444444444444446,29,5,2014-10-29,2017-06-09,954,204,1
ND-18370,4326.139,353.64549999999997,0.21111111111111114,63,9,2014-01-13,2017-12-03,1420,27,0
ND-18460,2893.455,443.33680000000004,0.0875,36,6,2014-02-06,2017-06-30,1240,183,1
NF-18385,8322.826,-1695.9714,0.25,52,7,2014-02-11,2017-10-12,1339,79,0
NF-18475,377.16200000000003,85.92779999999999,0.25,13,4,2014-03-14,2016-07-23,862,525,1
NF-18595,2031.472,388.2131,0.11666666666666668,55,7,2014-04-19,2017-09-07,1237,114,0
NG-18355,1869.58,313.63349999999997,0.08750000000000001,45,5,2014-11-24,2017-11-12,1084,48,0
NG-18430,1395.9379999999999,217.0893,0.1111111111111111,41,5,2014-11-24,2017-11-12,1084,48,0
NH-18610,2673.29,760.1666,0.05454545454545456,52,7,2014-03-02,2017-06-24,1210,189,1
NK-18490,572.048,121.2177,0.1272727272727273,51,7,2015-05-28,2017-10-21,877,70,0
NL-18310,1418.0900000000001,343.6381,0.06000000000000001,44,4,2014-10-31,2017-11-02,1098,58,0
NM-18445,6459.344,2751.6848999999997,0.042857142857142864,44,7,2014-02-08,2017-07-23,1261,160,0
NM-18520,2161.979,788.9525000000001,0.26,60,10,2015-09-08,2017-04-30,600,244,1
NP-18325,5529.62,1208.8890000000001,0.05714285714285715,77,6,2014-05-13,2017-12-05,1302,25,0
NP-18670,3908.402,514.6002,0.02,46,5,2015-02-27,2017-11-02,979,58,0
NP-18685,1228.698,514.5017,0.18571428571428572,23,6,2014-03-07,2016-11-19,988,406,1
NP-18700,7903.1825,631.2282,0.19615384615384618,63,7,2014-09-05,2017-08-14,1074,138,0
NR-18550,2367.277,-25.148799999999966,0.22307692307692306,37,5,2014-06-07,2017-06-03,1092,210,1
NS-18505,2575.863,-12.303999999999997,0.20666666666666667,52,4,2016-11-24,2017-12-24,395,6,0
NS-18640,2964.823,-234.7714,0.21538461538461537,113,13,2014-06-25,2017-07-09,1110,174,0
NW-18400,7234.014,1023.123,0.21363636363636365,78,7,2014-06-21,2017-07-11,1116,172,0
NZ-18565,2488.31,402.4236,0.175,77,9,2014-08-02,2017-10-06,1161,85,0
ON-18715,1567.52,-5.88900000000001,0.16,58,9,2014-09-13,2016-11-15,794,410,1
OT-18730,3818.624,-925.1203,0.15999999999999998,51,5,2015-04-20,2017-10-26,920,65,0
PA-19060,729.408,225.8588,0.1857142857142857,27,6,2014-05-17,2017-09-18,1220,103,0
PB-18805,740.356,229.2257,0.12000000000000002,54,3,2015-11-20,2017-12-05,746,25,0
PB-19105,688.324,218.15970000000002,0.12000000000000002,18,4,2014-11-15,2017-11-03,1084,57,0
PB-19150,1456.95,280.6606,0.1272727272727273,54,8,2014-07-14,2017-09-24,1168,97,0
PB-19210,132.738,21.897000000000002,0.1,10,2,2014-11-23,2016-02-11,445,688,1
PC-18745,1832.064,272.685,0.22000000000000003,22,4,2014-12-31,2017-12-28,1093,2,0
PC-19000,1061.488,-184.3364,0.13333333333333333,18,2,2014-04-08,2015-08-01,480,882,1
PF-19120,9062.864,-614.2943000000001,0.12105263157894738,75,4,2014-05-05,2015-09-17,500,835,1
PF-19165,2770.0,196.87389999999996,0.05,34,6,2014-09-20,2017-06-17,1001,196,1
PF-19225,2206.1279999999997,591.3118000000001,0.06000000000000001,32,5,2016-06-26,2017-09-07,438,114,0
PG-18820,3086.907,137.46130000000002,0.16923076923076924,83,13,2014-05-09,2017-11-24,1295,36,0
PG-18895,1987.164,334.5163,0.09411764705882353,61,9,2014-05-11,2017-11-03,1272,57,0
PH-18790,729.648,47.8878,0.2,6,1,2017-10-21,2017-10-21,0,70,0
PJ-18835,1220.09,442.1355,0.07692307692307693,46,8,2014-05-28,2017-11-21,1273,39,0
PJ-19015,1824.2340000000002,682.9979000000001,0.08,25,7,2014-04-07,2017-08-18,1229,134,0
PK-18910,1441.152,-798.705,0.3666666666666667,14,2,2014-04-04,2016-09-03,883,483,1
PK-19075,8646.934,2038.2676000000001,0.07600000000000001,107,12,2014-11-11,2017-12-21,1136,9,0
PL-18925,239.481,-0.7527000000000026,0.25,29,5,2014-11-01,2017-12-15,1140,15,0
PM-18940,1405.402,157.8768,0.15,16,3,2014-05-04,2016-12-09,950,386,1
PM-19135,4115.662,526.7537,0.1285714285714286,36,4,2015-12-19,2017-11-09,691,51,0
PN-18775,1467.152,192.0396,0.12307692307692308,47,8,2015-08-07,2017-11-30,846,30,0
PO-18850,7473.8282,38.47569999999996,0.21,91,11,2014-11-02,2017-12-26,1150,4,0
PO-18865,2493.214,437.8533,0.04615384615384616,54,7,2014-03-23,2017-12-30,1378,0,0
PO-19180,4893.043,1155.4331,0.10555555555555557,65,9,2015-08-11,2017-07-23,712,160,0
PO-19195,1056.858,-49.70089999999999,0.19,32,5,2014-01-04,2017-10-05,1370,86,0
PP-18955,7252.608,1495.0854,0.1088235294117647,138,10,2014-08-26,2017-09-24,1125,97,0
PR-18880,1840.178,247.6226,0.11666666666666668,43,5,2014-09-05,2017-11-24,1176,36,0
PS-18760,2181.479,-134.441,0.22380952380952382,75,6,2014-06-15,2017-09-14,1187,107,0
PS-18970,1278.639,198.5099,0.05384615384615384,52,8,2014-04-15,2017-10-22,1286,69,0
PS-19045,6843.634,1742.7296999999999,0.0846153846153846,47,7,2014-12-20,2017-05-08,870,236,1
PT-19090,160.572,-20.0508,0.37142857142857144,19,4,2014-09-12,2017-10-20,1134,71,0
PV-18985,2876.046,434.52840000000003,0.08461538461538462,52,5,2014-07-12,2017-10-02,1178,89,0
PW-19030,3454.916,803.8169,0.038461538461538464,48,10,2014-05-16,2017-11-14,1278,46,0
PW-19240,3922.4150000000004,1290.354,0.1708333333333333,39,7,2014-11-18,2016-09-22,674,464,1
QJ-19255,6108.338,1203.6768,0.12307692307692308,61,9,2014-03-17,2017-12-05,1359,25,0
RA-19285,2617.906,546.0882,0.1647058823529412,58,9,2014-12-13,2017-12-25,1108,5,0
RA-19885,3832.314,1292.8656,0.04000000000000001,53,7,2014-04-08,2017-11-17,1319,43,0
RA-19915,4793.543,304.8673,0.27954545454545454,75,9,2014-06-30,2017-12-18,1267,12,0
RA-19945,1686.9225,-445.695,0.31666666666666665,27,5,2014-08-29,2017-10-30,1158,61,0
RB-19330,1008.1959999999999,-164.40619999999998,0.3166666666666667,16,2,2014-11-17,2017-10-23,1071,68,0
RB-19360,15117.339,6976.0959,0.09444444444444444,71,6,2016-04-01,2017-09-25,542,96,0
RB-19435,2663.0860000000002,477.23990000000003,0.1625,66,8,2014-03-11,2017-12-11,1371,19,0
RB-19465,4715.466,640.5466,0.13478260869565217,85,12,2014-03-14,2017-12-21,1378,9,0
RB-19570,528.546,76.8879,0.16666666666666666,35,5,2016-04-28,2017-12-05,586,25,0
RB-19645,221.084,72.679,0.14285714285714285,29,5,2014-08-23,2016-03-22,577,648,1
RB-19705,2067.45,243.07549999999998,0.1571428571428571,22,4,2015-08-22,2017-11-06,807,54,0
RB-19795,5633.316000000001,-461.73319999999995,0.25,92,8,2014-06-03,2017-11-28,1274,32,0
RC-19825,966.409,63.991400000000006,0.11000000000000001,29,6,2014-12-05,2016-12-26,752,369,1
RC-19960,885.752,10.563300000000002,0.17272727272727273,44,6,2014-08-25,2017-09-11,1113,110,0
RD-19480,4272.93,480.594,0.10666666666666667,60,8,2014-06-08,2017-10-19,1229,72,0
RD-19585,2912.8940000000002,734.5158,0.03157894736842106,73,10,2014-04-02,2017-07-03,1188,180,0
RD-19660,2786.632,835.772,0.08,23,5,2015-04-12,2017-09-07,879,114,0
RD-19720,1419.737,207.3304,0.1575,78,10,2014-07-20,2017-12-09,1238,21,0
RD-19810,1137.616,318.4625,0.1875,63,8,2014-10-27,2017-12-16,1146,14,0
RD-19900,3133.924,455.5292,0.05714285714285715,85,9,2014-04-05,2017-09-07,1251,114,0
RD-19930,970.9420000000001,35.05740000000001,0.31,33,4,2014-10-03,2017-11-18,1142,42,0
RE-19405,48.36,6.045,0.2,5,1,2014-12-29,2014-12-29,0,1097,1
RE-19450,876.696,209.2294,0.13333333333333333,47,5,2014-06-03,2017-03-03,1004,302,1
RF-19345,3309.15,633.7072000000001,0.1375,67,8,2014-05-20,2016-12-05,930,390,1
RF-19735,2341.2960000000003,711.6168,0.014285714285714287,53,7,2014-08-06,2017-10-02,1153,89,0
RF-19840,945.222,280.0261,0.0818181818181818,45,8,2014-11-12,2017-12-24,1138,6,0
RH-19495,3621.3759999999997,563.7877,0.1,38,5,2014-08-23,2017-11-28,1193,32,0
RH-19510,6979.18,1289.4535,0.03333333333333333,43,6,2014-11-16,2016-09-19,673,467,1
RH-19555,740.382,0.30570000000000164,0.5333333333333333,11,2,2015-12-04,2016-07-29,238,519,1
RH-19600,2085.7400000000002,172.6261,0.10909090909090909,43,3,2015-07-02,2016-07-14,378,534,1
RK-19300,1460.192,269.688,0.07500000000000001,29,3,2015-07-20,2017-09-02,775,119,0
RL-19615,6234.91,488.14840000000004,0.21875,101,8,2014-12-05,2017-08-31,1000,121,0
RM-19375,1453.474,392.1499,0.044444444444444446,29,6,2014-05-11,2017-01-19,984,345,1
RM-19675,5979.0960000000005,1902.5438000000001,0.045454545454545456,39,5,2014-11-14,2017-12-24,1136,6,0
RM-19750,98.35,28.6879,0.0,4,1,2017-03-06,2017-03-06,0,299,1
RO-19780,3815.478,-1262.5716000000002,0.2916666666666667,48,7,2015-05-12,2017-11-25,928,35,0
RP-19270,954.6452,59.538399999999996,0.19333333333333336,47,4,2014-10-19,2016-08-21,672,496,1
RP-19390,5153.084,465.25030000000015,0.14800000000000002,88,12,2014-05-24,2017-11-27,1283,33,0
RP-19855,2170.716,594.5868,0.13333333333333333,61,8,2014-04-05,2017-12-02,1337,28,0
RR-19315,615.932,-73.835,0.27499999999999997,7,2,2016-11-14,2017-12-11,392,19,0
RR-19525,3302.2619999999997,721.6826,0.06000000000000001,36,6,2014-09-09,2017-07-13,1038,170,0
RS-19420,3221.29,633.4513999999999,0.0,29,5,2014-08-05,2017-10-15,1167,76,0
RS-19765,4159.7699999999995,1206.3851,0.1142857142857143,54,8,2014-04-07,2017-11-24,1327,36,0
RS-19870,22.328,9.5838,0.06666666666666667,10,2,2016-06-07,2017-12-11,552,19,0
RW-19540,7397.401,1586.6273,0.13478260869565217,89,7,2015-02-03,2017-09-01,941,120,0
RW-19630,3279.746,698.8325,0.1375,53,9,2014-06-28,2017-10-02,1192,89,0
RW-19690,3495.646,707.5503,0.07333333333333333,61,5,2016-05-30,2017-10-12,500,79,0
SA-20830,4767.3415,610.1496000000001,0.19285714285714284,75,10,2014-02-22,2017-10-28,1344,63,0
SB-20170,1348.02,157.6658,0.18571428571428572,24,3,2014-06-06,2017-06-12,1102,201,1
SB-20185,6410.996,885.4623999999999,0.1416666666666667,45,6,2014-09-20,2017-06-25,1009,188,1
SB-20290,8057.891,-2082.7451,0.24117647058823527,84,7,2014-05-09,2017-11-13,1284,47,0
SC-20020,3362.9636,-317.0508,0.21882352941176472,62,5,2014-03-03,2015-11-10,617,781,1
SC-20050,4624.572,1011.7443,0.18666666666666668,61,9,2014-03-18,2017-11-20,1343,40,0
SC-20095,14142.333999999999,5757.411899999999,0.06363636363636364,87,9,2014-02-12,2017-01-15,1068,349,1
SC-20230,4371.9580000000005,440.14099999999996,0.10909090909090911,49,4,2016-06-06,2017-08-03,423,149,0
SC-20260,3729.7929999999997,671.0033999999999,0.19722222222222222,63,8,2014-04-06,2017-06-26,1177,187,1
SC-20305,3979.065,229.1617,0.21666666666666667,64,7,2014-12-16,2017-12-01,1081,29,0
SC-20380,5992.536,236.66149999999996,0.19,80,9,2014-03-01,2017-11-30,1370,30,0
SC-20440,1874.998,379.5611,0.27999999999999997,44,7,2015-08-17,2017-11-24,830,36,0
SC-20575,902.7280000000001,100.2253,0.34285714285714286,30,5,2014-06-16,2017-09-29,1201,92,0
SC-20680,1254.64,370.1578,0.0,26,6,2014-11-21,2017-08-26,1009,126,0
SC-20695,2576.408,611.8291,0.15714285714285717,66,10,2014-12-16,2017-10-02,1021,89,0
SC-20725,5226.21,1276.6513,0.15000000000000002,133,11,2014-06-03,2017-06-26,1119,187,1
SC-20770,4492.657,-671.1874,0.30476190476190473,75,7,2015-06-20,2017-11-19,883,41,0
SC-20800,279.25600000000003,51.8252,0.12000000000000002,11,4,2015-12-11,2017-11-30,720,30,0
SC-20845,280.632,31.1757,0.2,13,2,2016-11-11,2017-08-21,283,131,0
SD-20485,6121.114,1985.1671999999999,0.10476190476190476,82,9,2014-01-26,2017-06-13,1234,200,1
SE-20110,12209.438000000002,2650.6769,0.1105263157894737,78,11,2014-04-11,2017-12-21,1350,9,0
SF-20065,763.5459999999999,228.1623,0.1,35,7,2014-09-10,2017-11-01,1148,59,0
SF-20200,3422.7859999999996,286.9046,0.12666666666666665,74,9,2014-12-23,2017-11-01,1044,59,0
SF-20965,3336.535,539.9352,0.2705882352941177,66,9,2014-10-21,2017-11-12,1118,48,0
SG-20080,3406.5809999999997,570.438,0.06818181818181818,30,3,2015-10-31,2017-12-22,783,8,0
SG-20470,1884.798,-119.0105,0.15,62,8,2014-07-26,2017-06-30,1070,183,1
SG-20605,3124.832,463.269,0.09230769230769233,49,6,2014-01-23,2017-09-13,1329,108,0
SG-20890,47.946,-3.7073,0.4,17,3,2014-03-30,2017-05-18,1145,226,1
SH-19975,3406.8395,558.4739999999999,0.13620689655172413,113,13,2014-12-10,2017-12-01,1087,29,0
SH-20395,2180.718,-144.5229,0.23333333333333334,45,10,2014-11-02,2017-12-07,1131,23,0
SH-20635,2096.392,260.6258,0.2,16,2,2014-12-16,2015-11-26,345,765,1
SJ-20125,3949.656,144.1189,0.23333333333333336,104,12,2015-09-22,2017-09-26,735,95,0
SJ-20215,1341.036,-23.5137,0.37,35,6,2015-02-09,2017-12-01,1026,29,0
SJ-20500,1318.776,68.09629999999999,0.14285714285714285,30,5,2014-08-31,2017-04-21,964,253,1
SK-19990,883.409,168.7933,0.22000000000000003,19,3,2016-11-28,2017-12-22,389,8,0
SL-20155,3053.012,527.9715,0.17777777777777778,30,7,2014-09-21,2017-10-21,1126,70,0
SM-20005,244.49399999999997,-26.5927,0.26666666666666666,26,4,2014-11-23,2016-11-04,712,421,1
SM-20320,25043.05,-1980.7393,0.24666666666666667,50,5,2014-03-18,2017-10-12,1304,79,0
SM-20905,1043.041,-237.2885,0.2833333333333333,20,1,2016-05-03,2016-05-03,0,606,1
SM-20950,5563.392,581.5741999999999,0.1272727272727273,94,12,2014-09-29,2017-12-05,1163,25,0
SN-20560,1860.418,-716.8565000000001,0.1733333333333333,67,6,2015-06-18,2017-09-10,815,111,0
SN-20710,3127.9592,481.74989999999997,0.1168421052631579,89,7,2014-05-06,2017-10-12,1255,79,0
SO-20335,2602.5755,-81.0858,0.1366666666666667,52,6,2015-10-11,2017-12-01,782,29,0
SP-20545,1306.086,-118.77570000000001,0.26,43,6,2014-10-13,2017-02-06,847,327,1
SP-20620,5440.319,-270.42819999999995,0.25,77,9,2014-09-08,2017-11-13,1162,47,0
SP-20650,1872.4360000000001,268.4782,0.15333333333333332,71,9,2014-04-16,2016-12-09,968,386,1
SP-20860,4282.94,566.7226,0.20833333333333334,80,10,2014-12-15,2017-10-12,1032,79,0
SP-20920,3990.689,14.692400000000003,0.2714285714285714,57,6,2014-11-22,2017-10-21,1064,70,0
SR-20425,3233.481,-3333.9144,0.36666666666666664,34,5,2014-06-14,2017-12-22,1287,8,0
SR-20740,4345.8859999999995,1990.4243999999999,0.03333333333333333,50,8,2014-02-20,2017-06-17,1213,196,1
SS-20140,1324.028,332.3487,0.11428571428571428,86,8,2014-11-23,2017-12-15,1118,15,0
SS-20410,3056.8070000000002,-1010.9738,0.25833333333333336,46,6,2014-05-30,2017-09-11,1200,110,0
SS-20515,613.4,199.93449999999999,0.0,36,3,2014-07-14,2016-08-26,774,491,1
SS-20590,418.49,135.5401,0.0,17,6,2014-08-05,2016-10-24,811,432,1
SS-20875,964.636,-75.586,0.24000000000000002,39,5,2014-12-14,2017-09-01,992,120,0
ST-20530,433.34000000000003,84.4419,0.20000000000000004,33,7,2014-02-14,2017-08-27,1290,125,0
SU-20665,2595.364,763.4719,0.13333333333333333,61,7,2015-12-05,2017-12-10,736,20,0
SV-20365,11470.949999999999,1199.4242,0.15625,109,10,2014-01-11,2017-09-20,1348,101,0
SV-20785,4105.305,485.0272,0.184,91,9,2014-04-12,2017-02-13,1038,320,1
SV-20815,1271.0900000000001,199.6502,0.19999999999999998,24,4,2015-05-04,2017-10-15,895,76,0
SV-20935,1903.491,106.8912,0.23076923076923078,66,8,2016-03-19,2017-12-28,649,2,0
SW-20245,1085.078,-19.60620000000001,0.25999999999999995,33,7,2014-07-20,2017-10-10,1178,81,0
SW-20275,1966.65,332.8725,0.028571428571428574,28,6,2014-03-10,2017-11-30,1361,30,0
SW-20350,1019.044,95.8383,0.21666666666666667,25,3,2016-04-09,2017-07-21,468,162,0
SW-20455,2921.544,793.6548,0.1111111111111111,18,7,2015-06-22,2017-07-21,760,162,0
SW-20755,758.6959999999999,68.2416,0.1,27,2,2014-11-02,2016-07-14,620,534,1
SZ-20035,3625.329,366.43030000000005,0.22000000000000003,69,11,2014-09-07,2017-11-25,1175,35,0
TA-21385,14595.62,4703.7883,0.07999999999999999,36,4,2014-09-12,2017-10-22,1136,69,0
TB-21055,1467.881,390.2113,0.05555555555555555,66,5,2016-06-17,2017-09-02,442,119,0
TB-21175,3589.296,829.1635,0.09090909090909091,36,4,2014-12-08,2017-11-02,1060,58,0
TB-21190,816.1740000000001,179.0038,0.025,23,4,2014-12-27,2017-11-11,1050,49,0
TB-21250,1602.376,260.6155,0.2473684210526316,74,7,2014-12-08,2017-01-15,769,349,1
TB-21280,2198.45,490.9567,0.1,35,6,2014-06-21,2016-05-26,705,583,1
TB-21355,834.328,268.967,0.06153846153846154,44,5,2016-01-25,2017-08-06,559,146,0
TB-21400,9133.99,2798.3689,0.07058823529411766,55,7,2014-01-21,2017-06-11,1237,202,1
TB-21520,4737.486,-1603.0451,0.265,85,9,2014-10-17,2017-09-14,1063,107,0
TB-21595,1387.559,-136.4091,0.2714285714285714,29,5,2014-02-18,2017-03-20,1126,285,1
TB-21625,2797.668,379.882,0.14,60,9,2014-08-06,2017-11-30,1212,30,0
TC-20980,19052.218,8981.323900000001,0.11666666666666665,42,5,2014-11-07,2016-11-26,750,399,1
TC-21145,1038.26,265.5332,0.0,17,1,2017-09-15,2017-09-15,0,106,0
TC-21295,4266.812,606.3727,0.13125,63,8,2014-10-14,2017-12-03,1146,27,0
TC-21475,1244.976,119.104,0.2636363636363636,45,9,2014-11-22,2017-07-30,981,153,0
TC-21535,742.5580000000001,217.933,0.11000000000000001,28,7,2014-11-03,2017-12-26,1149,4,0
TD-20995,1434.5480000000002,88.1897,0.24375000000000002,67,9,2014-05-19,2017-11-23,1284,37,0
TG-21310,3058.372,682.1704,0.2111111111111111,30,5,2015-03-09,2017-01-27,690,337,1
TG-21640,2074.661,365.7205,0.13,50,4,2014-03-31,2017-09-07,1256,114,0
TH-21100,2422.824,-135.2125,0.17142857142857146,29,5,2014-09-27,2017-01-20,846,344,1
TH-21115,2942.772,-252.5539,0.23333333333333334,29,4,2014-09-23,2017-11-02,1136,58,0
TH-21235,1022.201,92.729,0.2076923076923077,40,8,2014-11-04,2017-09-04,1035,117,0
TH-21550,4234.0960000000005,-571.9678,0.06923076923076922,44,7,2014-04-05,2017-10-19,1293,72,0
TM-21010,2955.2259999999997,573.3013,0.05263157894736842,67,8,2014-02-21,2017-09-18,1305,103,0
TM-21490,1094.6779999999999,292.52099999999996,0.05,12,3,2017-03-30,2017-08-22,145,130,0
TN-21040,3130.221,-692.0452,0.19999999999999998,48,7,2014-10-10,2017-10-01,1087,90,0
TP-21130,4454.0560000000005,1129.1261,0.08750000000000001,55,9,2015-04-14,2017-12-22,983,8,0
TP-21415,5329.0048,-1087.3898,0.462,39,5,2015-11-28,2017-09-17,659,104,0
TP-21565,1936.6399999999999,139.22869999999995,0.24,48,4,2015-03-01,2017-01-14,685,350,1
TR-21325,675.9419999999999,220.36440000000002,0.028571428571428574,22,5,2014-12-01,2017-06-20,932,193,1
TS-21085,4.833,-3.3156,0.7,4,2,2015-07-19,2017-01-07,538,357,1
TS-21160,2163.6240000000003,260.87440000000004,0.22352941176470587,60,6,2014-04-23,2016-08-13,843,504,1
TS-21205,5371.09,862.8877,0.15789473684210525,67,7,2014-03-21,2017-06-15,1182,198,1
TS-21340,974.7819999999999,-184.97889999999998,0.2833333333333333,51,5,2014-01-19,2017-05-18,1215,226,1
TS-21370,11891.751,2371.7144000000003,0.11666666666666667,59,6,2014-10-28,2017-11-24,1123,36,0
TS-21430,2054.14,48.70169999999999,0.15714285714285717,31,5,2014-07-30,2017-07-11,1077,172,0
TS-21505,2243.274,11.377899999999983,0.19285714285714287,54,6,2014-12-20,2017-12-19,1095,11,0
TS-21610,2820.424,-294.6981,0.3727272727272727,44,7,2014-08-16,2017-11-05,1177,55,0
TS-21655,3368.094,220.91629999999998,0.19285714285714287,52,5,2015-02-06,2017-05-06,820,238,1
TT-21070,4915.602,751.9567,0.1142857142857143,66,7,2014-05-18,2017-11-29,1291,31,0
TT-21220,1427.0439999999999,278.7371,0.21333333333333335,55,8,2014-09-23,2017-06-30,1011,183,1
TT-21265,439.5,93.9162,0.0,8,3,2015-08-15,2016-11-19,462,406,1
TT-21460,5364.808,1124.4999,0.1285714285714286,48,7,2015-12-08,2017-12-18,741,12,0
TW-21025,5278.826,737.3905,0.10000000000000002,57,7,2014-12-22,2017-10-27,1040,64,0
TZ-21580,1707.286,224.8887,0.08888888888888889,30,4,2014-11-11,2017-11-25,1110,35,0
VB-21745,2005.596,371.2398,0.16999999999999998,37,6,2015-07-17,2017-11-06,843,54,0
VD-21670,6442.254,1617.7874000000002,0.07500000000000001,71,6,2014-08-04,2016-05-28,663,581,1
VF-21715,847.944,-96.27799999999999,0.06363636363636363,35,5,2014-03-01,2017-12-17,1387,13,0
VG-21790,846.01,143.6268,0.07500000000000001,32,6,2014-08-08,2017-07-29,1086,154,0
VG-21805,427.372,-52.333,0.10000000000000002,16,5,2014-09-22,2017-03-19,909,286,1
VM-21685,2454.866,513.5269,0.10000000000000002,37,7,2014-04-07,2017-11-06,1309,54,0
VM-21835,380.69,116.6373,0.11249999999999999,25,5,2014-03-22,2017-09-04,1262,117,0
VP-21730,993.9019999999999,205.3888,0.04,18,3,2015-07-05,2017-11-30,879,30,0
VP-21760,3360.526,-1018.7768,0.17142857142857143,65,7,2014-09-06,2017-10-16,1136,75,0
VS-21820,1055.981,-262.8093,0.475,38,4,2014-01-07,2017-05-23,1232,221,1
VT-21700,1736.596,-224.08889999999997,0.3333333333333333,42,2,2014-06-06,2015-04-05,303,1000,1
VW-21775,6134.0380000000005,-874.6645,0.1611111111111111,77,10,2014-05-11,2017-12-02,1301,28,0
WB-21850,6160.102,714.3311,0.2054054054054054,146,11,2014-11-04,2017-12-10,1132,20,0
XP-21865,2374.658,621.23,0.04642857142857143,100,11,2014-01-20,2017-11-17,1397,43,0
YC-21895,5454.35,1305.629,0.07500000000000001,31,5,2014-11-17,2017-12-26,1135,4,0
YS-21880,6720.4439999999995,1778.2923,0.05000000000000001,58,8,2015-01-12,2017-12-21,1074,9,0
ZC-21910,8025.707,-1032.1490000000001,0.25483870967741934,105,13,2014-10-13,2017-11-06,1120,54,0
ZD-21925,1493.944,249.1307,0.1111111111111111,32,5,2014-08-27,2017-06-11,1019,202,1
